relative_path	size_bytes	sha256
.cargo/config.toml	76	7ab52424b2ee440e8749705aff0a41d35725b8308a54469a82a21fc492e5e288
.dockerignore	396	2cb46d6a3901736d940ffeabcc2b26f0114f0126bb589f823229e998bf44a53d
.github/workflows/ci.yml	4059	a40b01d0b16624bf530d0934cd563cf8a55e8ecea56252b63fa16e2687b99a31
.gitignore	286	2f6309c9a62cf24b8840ddc9bb75f49a504b9775656740bf55d4d55c346a7a7b
Cargo.lock	12590	d8865ac0459dbfa6869c7c8b0cad4b2d6af6be6cec2409d66528109a37942566
Cargo.toml	608	2d98e9793d786ef29b8814eafa5bbb63d746e654a539eead09762ec0e1906f8a
CITATION.cff	1080	37914cdc1a06edaa86cc51064f42273ed2e1fce07855dce56df5c409cba7528b
config/scp1064_event_axes.yml	1544	af8f0d18376726c8f8b3bad41b526ddde74b4f5c679b035f4e13dfe7d84a5bbd
config/ted_claim_boundary_rules.yml	886	3537fd2d9196b791061e73806a3418dfef29073cc47bc28c5ff64d41cfcd9003
config/ted_external_validation_protocol_v1.yaml	7700	4032e79841b0790ac4ff21d5f4a6eadf13beb18314dd2941cc6d1f99e815ff5c
config/ted_gene_set_axes.yml	1618	1e8a97db4a17fe67de053c72cc443e091950eb3e99734327cbcc9d761fbc7713
config/ted_negative_control_axes.yml	594	d6a7139cd01b8814285b273a8dc14a8fe835fa91494bff64df5133ed055951c2
config/ted_preregistration_cards.tsv	2916	1277088adee7a542e4353a1d313a37951f190ff3e2cb5634bbc7425d67d27781
config/ted_upgrade_benchmark_registry.tsv	5986	3d0b54468c8e56afa29b96faf9bb3fc121ae607256421a3ab50fb026913d5fd3
data/processed/ted_known_source/SCP1064/metadata/cell_alignment_table.tsv	43222728	9d54d97d26577e8bf881dae07542a32431cccee29c972ca57b64fd9616b244d9
data/processed/ted_known_source/SCP1064/metadata/perturbation_metadata.tsv	7280685	cfd4ffc8ed4575a31cdb808ace64dda5511f69cb714144c51b5002ce41b0aa50
data/processed/ted_known_source/SCP1064/metadata/protein_feature_metadata.tsv	1747	aad2a8f6f182d39f631a1d94dfd9a2a8d3f99577c9dcd36b067aaa24a2f565ca
data/processed/ted_known_source/SCP1064/metadata/protein_gene_mapping.tsv	372	eb783501a7d8641cdc20b6824e948d79da752db14831d7fb45d3f834736df047
data/processed/ted_known_source/SCP1064/provenance/scp1064_access_audit.md	508	5fea2490c04a6f7f2585a034d1ae95d09e39f82f182c790b6f3c1176e3c71fa5
data/processed/ted_known_source/SCP1064/provenance/scp1064_download_provenance.tsv	2804	e71f5378f41ca0c99369563c97a5854fc2430bbda74859ede035058c85358ef5
data/processed/ted_known_source/SCP1064/provenance/scp1064_file_qc.tsv	756	594585f4b56ad29ddd795e846ac06b0115bece5701df1f424816080c509b7d38
data/processed/ted_known_source/SCP1064/raw_index/scp1064_cell_alignment_qc.tsv	213	4f6e53243c1545e7aead95311fd3c082b32017a7d1ce5148dcbc50cab8db9539
data/processed/ted_known_source/SCP1064/raw_index/scp1064_file_inventory.tsv	3224	878f31df1a779dd0b6c1c1db67ad2f63ed4d7e762c5f9d20d32f43ccc65b1789
data/processed/ted_known_source/SCP1064/raw_index/scp1064_h5ad_structure.tsv	936	bd74a56c9267e336fad9f3117c7f0b4c6d710514797d12d01e528c44ed52657a
data/processed/ted_known_source/SCP1064/raw_index/scp1064_metadata_field_audit.tsv	598	56f1969ab2151b022b76c2977a613c04c4b2e8616f81270fca5068b0f96c9ccb
data/processed/ted_known_source/SCP1064/results/protein_qc.tsv	122	ba5420b723dbf117c109d467b2920d15da23917d45b5c1413ff650f736e2bc26
data/processed/ted_known_source/SCP1064/results/scp1064_author_effect_alignment.tsv	1588	adf2cbdfac0d7155d935733f4e2fd5c489a5081369d1267e30558b3dad4d6c9a
data/processed/ted_known_source/SCP1064/results/scp1064_author_effect_summary.tsv	392	9fc990e94b655d0d25add1dbc9fdfcd06a74727d4e1c91bc25bd6b63fdfde740
data/processed/ted_known_source/SCP1064/results/scp1064_claim_boundary.tsv	724	54c6f06bf547185d97887b505730d285d1eb3105ac306e6ba57d3833ae3c2eea
data/processed/ted_known_source/SCP1064/results/scp1064_claim_boundary_report.md	437	617590fa1a4b725f84776b6b0cef113559c9c08e273b48c953ffd76c2657f0f6
data/processed/ted_known_source/SCP1064/results/scp1064_event_protein_cell_level_alignment.tsv	1421	e622ed330546b0befe67ecceb04883a42a82358ff43cbba5b56991c83fd603e2
data/processed/ted_known_source/SCP1064/results/scp1064_event_protein_guide_level_alignment.tsv	1252	9fd6fa952e3883d96b19c1215b30a52bca1d778f3131bd02118204a3bf886b5b
data/processed/ted_known_source/SCP1064/results/scp1064_event_protein_target_level_alignment.tsv	1259	30509fbb43b404c459aceb1099e0f4344ac94e2b4a46fc175a61cb5b4e61e831
data/processed/ted_known_source/SCP1064/results/scp1064_event_recovery_summary.tsv	470	704a279d89fb54701b20f62c619a94811ed8ea49a954fa08ff8cef729ad2a405
data/processed/ted_known_source/SCP1064/results/scp1064_heavy_shuffle_estimability.tsv	604	cc5bf870e1429e7f17b1af64956b994c34de42f97b3589250ab05118d6011a30
data/processed/ted_known_source/SCP1064/results/scp1064_heavy_shuffle_manifest.tsv	653	2bcdbff9632b302af08392d7ac3fec210b70c012556cf7cc4a4adad43b180013
data/processed/ted_known_source/SCP1064/results/scp1064_heavy_shuffle_summary.tsv	4379	fbe81686174fad04cc8a3e41eb7e711b5f2cadc168db0df1791470bcf5009a3d
data/processed/ted_known_source/SCP1064/results/scp1064_leave_one_unit_refits.tsv	330037	9226d8813161e6dd2d5d2d5f30e1531ba10338972950d134ae92b6f96b020c74
data/processed/ted_known_source/SCP1064/results/scp1064_leave_one_unit_summary.tsv	1476	b7dfeee3ec23d058eca95f58dd2e2d0dff4c5001925e1472ce8e5af791edd301
data/processed/ted_known_source/SCP1064/results/scp1064_lightweight_shuffle_summary.tsv	8548	b01f9a0edb8911f75bcf31c12e4b713d3270a7bf9c371cb5c68ed87bf49c3e59
data/processed/ted_known_source/SCP1064/results/scp1064_negative_control_alignment.tsv	3211	ecf86fcdd24a0c25a2974f84875a61878c2b94d66cb8f4fed0808c8956c037c1
data/processed/ted_known_source/SCP1064/results/scp1064_outcome_alignment_summary.tsv	4284	7214fb702cb0418c0389f075b445d2c7a10d7d4674d591fdbcf0403cf687007b
data/processed/ted_known_source/SCP1064/results/scp1064_random_gene_set_null.tsv	19056	5e8e03c8987136d8bf76f40e3932787270aee3b4adf8a1594fbd60176fdf92e3
data/processed/ted_known_source/SCP1064/results/scp1064_specificity_summary.tsv	631	37e909683c953ccbfcefc7aa03749cd97cb7011a8c0a355fdee08465c88ec0c2
data/processed/ted_known_source/SCP1064/results/scp1064_summary_report.md	384	dd86c1c9e6cad31d808d130e28aaa9d2d2b68659a7803e1cb23da872fb594bb6
data_external/deliverables_all_ted_rounds/GSE271399_T21_GATA1s/gse271399_block_bootstrap_family_effects.tsv	20285	818e33944188f99fa96ad0b57b74956adb4db717931676ec3a5d124b6d8a9ac4
data_external/deliverables_all_ted_rounds/GSE271399_T21_GATA1s/gse271399_family_block_permutation_fdr.tsv	5302	cee586450c4dbfea06531ff49c4ed216beb6093e528969d8ed077c9316cac385
data_external/StepXX_dynamic_pathway_event_grammar_standardization/baseline_score_vs_event_comparison.tsv	4812	4459cbf4e4d90df90d868f3f6d8110150625f2ac2a5972e0ec6225bb94e8f72e
data_external/StepXX_dynamic_pathway_event_grammar_standardization/dynamic_pathway_event_table.tsv	40271	e1d0dd308a051efd705c12f4b58717d81fd7788672f8e5f21f446fa4801c02ba
data_external/StepXX_dynamic_pathway_event_grammar_standardization/event_calling_rules.yaml	2531	4fb559438f367acd49add64f457bcd68075873e4fe8d7be00651c4091568e62d
data_external/StepXX_dynamic_pathway_event_grammar_standardization/event_robustness_summary.tsv	1054	74996f94ddc5d2a9a42539348b5b4e0989bea6d426a5388f348dfcfa45daf20d
data_external/StepXX_dynamic_pathway_event_grammar_standardization/event_type_definition.md	2457	48ca4a1a42e7f9e9705fafe4a7345a2e89d7318cb4c412d28e092a7ee37869de
Dockerfile	526	dac408208bd173880c78b7bdb3878deff98a07a24c2165b317a7468783c82444
Dockerfile.baselines	550	2f02c1e0060e0224dae7cbeaa4db31469fcffa3d92e78be694faa65f2d6fe4fc
docs/claim_ceiling.md	1001	3a438bd4876ebf0298c7f9bb1bf1d7a84775d6893506dd633f40abb3c8e57acf
docs/CONVENTIONS.md	1558	9801db342beb65fa8059c4d3d8013bea5417710a0573a72667a9c5a33f4ec193
docs/output_schema.md	5476	a92e69413387de6f501fcc77fe327e3f0cf8b51108aba5b37350155eb73cc97d
docs/pyfgsea_ted.md	26491	0614d50d76e381f68047b5b1fb0de0189abbdc9063d7360a22bfddced1f53b93
docs/QUALITY.md	1471	42cae6102b05ab64ecf99c26f7f7514cdf675f2837aacc59cd82557516ed496e
docs/reproducibility_modes.md	1363	563d32bb100f7710563f6dcc53b26e9b0eea0b7d0894adee3b3d3fc60d651ea7
docs/ted_validation_demo.md	2350	a12edc0f14db65d1cfb289aa63d606f8b9f8cf5881aaa5610022d629edd08c7a
docs/tutorial_generalization_panel.md	1116	52ede4c5395434e8251260d450e040ccc6c34cd03741a73f24986145a184175c
docs/tutorial_gse271399.md	1137	af206cc5332439084794195c07af5bef5c4895d5675039c99d7047cc7a0b7046
docs/tutorial_zscape.md	1086	4a61f8d320cf762ac54a0ca0984fbeabf980db168b5e529d89b29cb5229eb9b2
environment.baselines.yml	365	0eb97d20b5e1bb88d8f38c809410fdd58744ccc88a5f64686f74974c893a523a
environment.yml	347	4a898e17d85af673bc86babb1598353f4dfb0a6b08f3b84003888055fedc5afc
figures/figure1_source_data.tsv	724	4e6337cd0c6027e9e1fd583f763fecd61a43fbb18545fb9439894d3f532dcfee
figures/figure1_ted_event_object_claim_boundary.pdf	28243	6f9cdc31139d4c0810a946150bcc366dea9ce02645b404eb336f20599ac135aa
figures/figure1_ted_event_object_claim_boundary.png	551231	179794e3736c08ef8bbc3e81ec31b96e3012d187e6d4c288d06966e1a09b9a42
figures/figure2_known_source_validation.pdf	38457	559e9494cfc6035210acef5bf833d386dccce5641f4fbe72d164b92af0f36d60
figures/figure2_known_source_validation.png	336228	93b1512cddcf8b846cd7219389a7c34d8745604e391b0179b18c6ae24aaeadcd
figures/figure2_source_data.tsv	1888	ec8cfbb2b9f69bf5aa75ad7eb46ca8367a8f44955a4ef13bc3260053e7d97a60
figures/figure3_benchmark_hardening.pdf	34299	33c4165947724d525809bdc6d473b95150ac112b5d6baf9a829db30c45c95626
figures/figure3_benchmark_hardening.png	541946	29959203531e686a18b12eb65b8e582869e94a21ce16e6dbdd1ebcd0fa440abd
figures/figure3_source_data.tsv	2652	15a8fc3b1a14f298a2fd4f6723c684cb4c48a964e287551649e2d905abdc43d6
figures/figure4_gse271399_gata1_cross_dataset_support.pdf	48537	66281107de780bcaa16e16b6f1358d323e6920c4d5903e6e9a6c661769783cd2
figures/figure4_gse271399_gata1_cross_dataset_support.png	570699	04463e00372f0c7b902c2965aa57390d829529e8c2419b5fd84916a03196a21f
figures/figure4_source_data.tsv	1961	8dd03dbb30486b040c49a6d6bc7645f27b28c35235c7e305f22ff6fc1fbf8fac
figures/figure5_claim_upgrade_block_audit.pdf	36971	0db8d8953e7e8ac9c747603454f2cd4037c285afb1ebb6b6881da9a71f543199
figures/figure5_claim_upgrade_block_audit.png	479374	2485da2d43977a4194445f4c35fc45a511f4f690b8c634b7879d6e21854d5b29
figures/figure5_source_data.tsv	692	f73f94dae81cfc9d80cb60136ad9cf31d8a8c47b89c35b9101c07ace78600d9f
LICENSE	1093	3b1a9792ebf2f277fa342de44c4c7aeeda3ba4afa9e8e9734d8f69a44c45bcbd
pyfgsea/__init__.py	10257	dab3e35b6aeb2856642ac086199652cc418bec6ebe570b5124ba578180215739
pyfgsea/anchors/__init__.py	0	e3b0c44298fc1c149afbf4c8996fb92427ae41e4649b934ca495991b7852b855
pyfgsea/anchors/select.py	106	e8d639b19d2aab7547f4806575193065113c900fe8f7076349d780fd88601c88
pyfgsea/anchors/switch.py	54	6e0a147ecc36b8a383cc3df79a619ab3d502c5ac0a1fb6a097ca97d0188c53d5
pyfgsea/api.py	5344	873476941716ddc2de419db663f4ad52aa0ed64695defab48a837edfbcf2ec7e
pyfgsea/baselines/__init__.py	362	51b748cc03417c8b914ee0e0c2b7de9c211378058f4746d4db3971420b8b61ba
pyfgsea/baselines/decoupler_bridge.py	1056	b38367b87886e6c3478da0d02e9f87c741c7041c88c2bcf1bc54bfd547557567
pyfgsea/baselines/gsva_bridge.py	1512	bcf71ed7a8ade98502afcbcd411c5d0a412dec3c30258fcb2d5621497589c776
pyfgsea/baselines/rank_auc.py	1680	a4831e0ac6f81f026794ca8e39e18af6ce6ae5f10d9a6f860ade669914c138c8
pyfgsea/baselines/score_smooth.py	8018	21bd04fa37444fbb814d1f5f836229569dd1bb8a77a539f59292af0bc359ace4
pyfgsea/bootstrap.py	13276	92f6ec700e5e0b5570798fa4220a4107aed55727ebf7a67ef48632d0b7ffaa8d
pyfgsea/calibration.py	76316	88ad58b9f5959e7ab1fc4627045a15174c53d57c67fb7c2368e08405e521e727
pyfgsea/cli/__init__.py	0	e3b0c44298fc1c149afbf4c8996fb92427ae41e4649b934ca495991b7852b855
pyfgsea/cli/main.py	6136	49db0265567307685e3e61332cd3db8d35c1d4e162e382d2f24b7da09f4bb1d0
pyfgsea/design.py	3913	ca7e36ba7a055accd0dfc27c28d136985d3fc203d1cd25b2d76107b8c014a7f7
pyfgsea/diagnostics.py	5814	2468ff85262851a0504a7279f9f43798ea244057b859a57f30cee53514fd1a3b
pyfgsea/discovery_score.py	9518	653923de9f031ac5aa503d1ad603e2533f900b39f838269920a88ee2b8278a6b
pyfgsea/event_drivers.py	24192	47c8a74f858774e95a1f219cca7b97e079c6d41161d97dfa66cae2ea9af85a17
pyfgsea/event_graph.py	12591	ea3b8c223576a91ec09dfd56727841cec8e84c390d3e7947a32e50ee02ca4e06
pyfgsea/event_replication.py	19986	ff763d2fcc2a5f78726f4614f3438e4aaae3740c65f6253b86972381caabce68
pyfgsea/gsea/__init__.py	0	e3b0c44298fc1c149afbf4c8996fb92427ae41e4649b934ca495991b7852b855
pyfgsea/gsea/runner.py	2102	f874e951ccccdc213f136c98e22ae598955c44167cca209c096a2fd1b607c1ad
pyfgsea/gsea/smooth.py	161	807d6288baa26738b431d2ca305cbb0176944b504d898ce19940123669241ae7
pyfgsea/io/__init__.py	0	e3b0c44298fc1c149afbf4c8996fb92427ae41e4649b934ca495991b7852b855
pyfgsea/io/anndata_io.py	184	e210221fc321c6b1ee32207aa87f4c706e59649c65518f8c824f8c52a1247e1e
pyfgsea/io/meta_merge.py	626	98ed2f6f3620993ef855a86c92e9fc685dfaa9658b477f56aef50f48fe57f08c
pyfgsea/leading_edge.py	5458	5c264c2f48cfa1ad53049660d4fa1ee38f7d027fd368d50030866800187871c4
pyfgsea/phenotype_linked.py	30153	137297aa5001a46f9358b7138a3c8fff32a1cc8139554a84e13f77c0206d7bc5
pyfgsea/plotting/__init__.py	252	062f3dce5457a42495d070718ee5343852fbb35328afee618dbb603ef543ad1f
pyfgsea/plotting/fastproof.py	56	1870d3cfd7f8b49adbbfc9788be1d8b34fb8f71ed9760c157039cc4092bf3f3e
pyfgsea/plotting/overview.py	50	1b45e91ab938ea0bdda8d7a4c4f1b438174f478416ad1322ffc9373202d1e126
pyfgsea/plotting_utils.py	4347	530942fb734bf5dee59384b4492c8cd2b99012fdabc10cc38fc2da653879151b
pyfgsea/preprocess/__init__.py	0	e3b0c44298fc1c149afbf4c8996fb92427ae41e4649b934ca495991b7852b855
pyfgsea/preprocess/pseudotime.py	358	a8dd96a1d542469cfdbaf165942a79b05a0e40bc9384f232173287802d14f11b
pyfgsea/reliability.py	57310	734e41a365d5173f22b034187fc539375d6785b54728d7ac12f158a0930aa9c8
pyfgsea/result.py	19450	431bfbc83eb46918c7bca0f2ed93c6bd7a0dfc06925c69a97c7531f2a1aedc8d
pyfgsea/robustness/__init__.py	190	94c8830164b1b419c268359f856da9310578d643ae537ced696789406db819ef
pyfgsea/robustness/bootstrap.py	35	90b0118aacdad6542c62a7ca5ac332328e41bb697c030603c30e8e93c4a5e0ff
pyfgsea/robustness/null.py	49	211c0b755f8acb552d20a8c929b7774f85294f559e099f7c1949cff2c7869a42
pyfgsea/robustness/scan.py	175	4dfe6ffb31c0125518656b1a331160871c9d36e729110e6869a739b4f4c08a5b
pyfgsea/schemas/ted_activity_table_v1.schema.json	705	f3a0d608e7a303d4853a9663966cfe100445511a297ce74f7c6711228015d641
pyfgsea/schemas/ted_event_report_v1.schema.json	1317	3e2261917d796bc567a2e8359990691c1af2db96d30685088e8f297e630e6ea9
pyfgsea/schemas/ted_event_report_v2.schema.json	7901	ad4382783b7a71ed9f8589a4f92a3c31e1910f86d3c6fa2f5e2ba04e82f09489
pyfgsea/t21_covariate_design.py	51968	efc5f79f4899f71d1f1a8eecc56f867c17f7213d377b3f162d459d084d930c02
pyfgsea/t21_donor_subset_robustness.py	23073	995e29edc3c96427ff4f944716bb65d6ece7ef2c760ebe80592289d8ff09616c
pyfgsea/t21_pathway_decomposition.py	57889	e7e3a4bf4e2f4660ad4ceda18f15984c44d4fff37e27af01628aab7f960b5492
pyfgsea/t21_pathway_universe.py	55091	0be2679cd0e5dd7757b41554866bd3b4e86acc44c8e026b44896e6a082b41b5c
pyfgsea/ted_developmental.py	62027	605d8b3056fbd8b6f2404dc453d754af7b8fa760d71a1e749037eb855df962aa
pyfgsea/ted_evidence.py	43284	acd7b3e29ffa623be2e410b64acf717bd7e7f6657f836abbf62616fc90855d5c
pyfgsea/ted_mad/__init__.py	1558	2d81cb5e19b4af5f03aebbbf5d2b0e043147bd1432402c7ee41a6b9dd7cd751f
pyfgsea/ted_mad/benchmark.py	25092	ef88fe0641aacac2963b81974b156d90540384c1245906bcccaa7d9ee77c8858
pyfgsea/ted_mad/cli.py	24184	e138168ca62cc7bc1fb8c933f3fddc638484604047c323ae3746a0b7f19be62a
pyfgsea/ted_mad/core.py	115793	fd1ba93a0156040c3cb775348b5589a0773fc4f980650d4f7f38caebee71a7e1
pyfgsea/ted_mad/schema.py	4946	de55c108300214b2d07258327196269c3e65d61c11527897ce124f39c5538001
pyfgsea/ted_mad/schemas/claim_levels.schema.json	1180	8be2d26db55405bf10e84eb6cbc74522e44ba49fb15586f3364c4acc88febae5
pyfgsea/ted_mad/schemas/evidence.schema.json	3246	334ef04faf9c97351dd1ba297e5d6a959d88967b9e18b499e108271bc7344655
pyfgsea/ted_mad/schemas/experiments.schema.json	3703	0ca2929859d85fca352cfdd3f79930aaac731f7f5a373c0ed2e97f7ed9175ee5
pyfgsea/ted_mad/schemas/hypotheses.schema.json	1666	cfb5ec4cd835f435093e8e05aed9c1ff453d53aa570a0f752a63459af7b87c31
pyfgsea/ted_mad/schemas/observed_rescue.schema.json	739	89a65067b509226c1d923710984a4fb3b19602fff41e28179567a85d434b9269
pyfgsea/ted_perturbation.py	40726	fbba58cecf675c6a8bb3c8932909fde101e7d8320a2ff2f200c2eb53f5c49e20
pyfgsea/ted_schema.py	16566	e67e21b1084c20369c57c48b8091ffa45c2bde630887f2dab7149ccb9c919fcc
pyfgsea/trajectory.py	61330	a6147fc1f298150e1fc3ecb904b4c9e332a987d92fd42049074aac56cac8300e
pyfgsea/trajectory_alignment.py	45376	b4af53d06445d984df660af1ce77a8a323d18b8a07e11362e9d94f9e240ef332
pyfgsea/trajectory_benchmark.py	12157	ff5c704890652f765cd8eda94bbe6813aa08840f4da191035bea6539aac45e8d
pyfgsea/trajectory_compare.py	130239	adfbc6bbab7cfb70a43dc0790aab9087822c6e710f0e00385644d5c21c35a298
pyfgsea/trajectory_covariate_pseudobulk.py	101254	e160abdaf178797682683b2fe408fefa9006b1edeb5eb7e33f51d5ce4caaa58f
pyfgsea/trajectory_covariate_simulation.py	40993	91b25aa23c303c2b27245b6dc9f45476817d19e5106e1576160547723af50145
pyfgsea/trajectory_decomposition.py	63318	d03d6345bf4a2458a42b02acd6cbc55e2c323890599d68319368091a084bc065
pyfgsea/trajectory_dynamic_leading_edge.py	61329	07e1f2e84db7282cb3bfbb544d7ce38d0198661b4301bb33c0892b14c6343a65
pyfgsea/trajectory_events.py	14839	094ffa07081cdcff67a142604e6452b9510ab9f7ad9411e0928b2eb2ca28fda3
pyfgsea/trajectory_fate.py	27602	83a6a315be4941df6c6236aa09c0ee6700f76d5c7924483cd2242c0487c89707
pyfgsea/trajectory_grid.py	12462	5b3963949733854ca68d28c12160d15de69192767605f2dc232e70c1faf3d4c5
pyfgsea/trajectory_modules.py	17920	43192313c5de120b82d630a09760d25e8ec366b35c266f26af35ef975a0769ae
pyfgsea/trajectory_pathway_families.py	37423	30c2c245e81eb900e144fa1ab90bce86d162af47e3525c42c8151eccec01eebd
pyfgsea/trajectory_pseudobulk.py	59578	6251c099f4ed2709d9b067b3a39e619af30a2059762dc6a7c074463cd78e2d2f
pyfgsea/trajectory_robustness.py	59163	c5d944a28ba4866cabdabd47c26072640fd22c0d6462b45fe060454c494e13d3
pyfgsea/trajectory_simulation.py	26886	69542c268a6f3ecc58c9357a54566d5264d97dc4bd26ca1a9c662d139b241263
pyfgsea/trajpathmix_scope.py	7749	f0e306f071a308b56481a8be7b0ad22423f562460ba65d8ee5c398b3a895a2ea
pyfgsea/validation.py	17867	3a5c4cbd2e9a892722ba432ce068e8ccf565fda6323efde52d26f198bbf648be
pyfgsea/windows/__init__.py	0	e3b0c44298fc1c149afbf4c8996fb92427ae41e4649b934ca495991b7852b855
pyfgsea/windows/binning.py	128	92acd0102bcae4d6cb24c305f25b4942fadf951b7e8bea2dfc7548efaa4eefad
pyfgsea/wrapper.py	11723	2fe5aacb50b85934afdef8bd91b9a3771b8afaf6dc4ac6149b7d0f9e116e9163
pyproject.toml	1566	7ad46b488cc57b84686c47cb4869f513f4ca68ec1a6083394fb52777564bd071
README.md	9284	d5597d6aa813ed70a4c0c82cdc84a868bcf10c75311d52ebe6dffb4b5e1b0aa0
README_quickstart.md	3251	bf0cd4c27fef4eb52fa09a2e9d0bc22a4826bf543e3ab98bb4ee00abe184c80f
RELEASE_STATUS.md	4485	7d95af13792b0d366bb279c68f7c124bb2a4745b3f5004b8f1e146a1042f75f0
reproducibility/run_minimal_demo.py	5114	d9fabc7152457b0ee860294f526e578ad5acc598e39823611b137ab938ae08a9
requirements-lock.txt	529	516f3aadfeaebd1ef7ccd4e97dad6856c5fc584a89bc3c4a5878a6467c66e481
results/gata1_cross_dataset_support/tables/gata1_axis_direction_consistency.tsv	3073	7e47a676264ce96e38574b0454804b7a939ada69ed5b7f353b03eab14d5ceb42
results/gata1_cross_dataset_support/tables/gata1_claim_boundary_decision.tsv	293	a28c1ddad75a7295b0d3bb416dd50b325c4340cc10220244af2abef9f1283720
results/gata1_cross_dataset_support/tables/gata1_cross_dataset_support_summary.tsv	393	ace5d9d74c0049adb7356cce91d2410d84d079110dd205706c3ba6fe68a2a658
results/gata1_cross_dataset_support/tables/gata1_negative_control_comparison.tsv	2662	cd127d912914a813f8d8608df74f189e7a4192ab52d6c03c23d4952b8276dd0a
results/ted_adaptive_window_multiplicity/event_call_audit.tsv.gz	624930	499396bfd76cd8368567a8885e4de2277584d6426c6bb02e958e1ac0c84df773
results/ted_adaptive_window_multiplicity/factor_level_summary.tsv	9704	dea9cedc03d741baba973fa1a722917640782f90d89e733f587f46984bf9ee96
results/ted_adaptive_window_multiplicity/method_summary.tsv	2194	e77fddae9ca03cba6059b7feb4c7e5f2570a00604231490feda83e2e88f26f4e
results/ted_adaptive_window_multiplicity/method_summary_by_stratum.tsv	7986	851fc328a33eb4fc25676dfc1cc5e6520c9d2e35859ef79077a44b23e8aaf7c8
results/ted_adaptive_window_multiplicity/metric_definitions.tsv	561	16ab238d887c729c8ba489e4a4be209a2596a59f45fb20a9007d6470ca2ed96d
results/ted_adaptive_window_multiplicity/replicate_metrics.tsv	364337	06d647aa1f4d3760aaf04c3c85d521dfafefc404588d23f1e1fe0b820c7f6ef5
results/ted_adaptive_window_multiplicity/run_config.json	376	ab16123fba532321e0191aaaa37690838b3dd0526d717aecd026ed1836b2f583
results/ted_adaptive_window_multiplicity/scenario_registry.tsv	3387	0e0010da35ba6e035de55d1526f36e15524a36a036cf87a32579239369744f3e
results/ted_current_task_benchmark/audit_predictions.tsv	31237	de6aa7a2b4990bf00d8ce72a2b99f243e8b34975492e8affb37a674e72dab229
results/ted_current_task_benchmark/baseline_tuning_audit.tsv	2309	cb336dcaddb483b40f75151f04ccd8a328c0d29b32c98d39136741fa8c49af0d
results/ted_current_task_benchmark/current_task_confusions.tsv	34787	effbfd32d40d8f88add8557e204972dd76e34e9a0a5af5e5328280cd290b0a4c
results/ted_current_task_benchmark/current_task_metrics.tsv	1449	dc18774d675cdc0175656292d611c7ae4dc5cdf47ad447066ce69c1b19f04517
results/ted_current_task_benchmark/current_task_packet_partitions.tsv	76566	c6ee3d99f3eda071f0b63a78f5efb2645f5a889d25ca3237010c6d8d606baedd
results/ted_current_task_benchmark/e_metric_definitions.tsv	389	23cefa5f434e4d7cd3d706cdf12d2db07d02dd5098ce1fe8f9927f6958f1b16d
results/ted_current_task_benchmark/paired_deltas.tsv	427	3f4e2db85ddbb68dbd10dee730d5cb2448cbe578d97c6be3a56c2748aaeab4fa
results/ted_current_task_benchmark/run_config.json	561	4d07e95f1fc1ac8f40da18ca9810b11bfa2fc9bca0c000d20ef7399433ca82a8
results/ted_current_task_benchmark/split_and_leakage_audit.tsv	367	4d3dd4db683da2104800c0da1297cec6b3e0a201698638a4606238934f01674f
results/ted_factorized_ablation/ablation_metrics.tsv	1837	fba9b8f0a0fdee834ab6d829c0e8f9dab25cdab3b032a30d8ca18bf9beeae0d2
results/ted_factorized_ablation/factorized_axis_metrics.tsv	255	6fc7d8f32cb07dddb285b4dbdfc04b9dec728db7aa737612ae45809ab0dd410e
results/ted_factorized_ablation/factorized_packet_features.tsv	174374	69d042a5f86eb9fe98e8764c3a1731a8d2dec4f761e336e2b4d33f3614515456
results/ted_factorized_ablation/factorized_packet_truth.tsv	62932	5f2c6e73f8574534c4b8d19c311960e8cb0e2aee6bf9c343d4e41c2bdf2b1dc1
results/ted_factorized_ablation/factorized_predictions.tsv	511573	b6da1cd09efcb571a128125923445f7221634fea60abed1e287418ea906fb94a
results/ted_factorized_ablation/manifest.tsv	1163	ce6c56cf0b607ffe5bcf67c12ba855f4febe04b4db424d96fab064d0bcf4494c
results/ted_factorized_ablation/metric_definitions.tsv	527	86a2714db4c50cbfed32066e947475836850f6e2c1fa81ddd61a96e16cfc2560
results/ted_factorized_ablation/reason_code_cases.tsv	24805	41161bad62d23f02cadde9bad08712baca97105aafbb96ebb2e61a8b593455ed
results/ted_factorized_ablation/reason_code_confusion.tsv	280	82000a52d7ce4be1d26f050972d6718db0ae94616c644ffa29d1913330ee8c50
results/ted_factorized_ablation/reason_code_metrics.tsv	190	deeca1af22f3cbcae59d01d3f8c2bdc7b4eebb4ec1df3969be14acabfbefcdec
results/ted_factorized_ablation/run_config.json	514	d293c89e462da0314d83c856b5c40aedfa8bb367dec1043fc87db3f4f43f5b3e
results/ted_factorized_ablation/schema_invalid_combination_audit.tsv	614	0cf4b174445b9ae183cc44e1facd9f60ba5f4454abbc248b0fc774c497d6264e
results/ted_known_source_validation/tables/gse153056_claim_boundary.tsv	250	0d9be417aca5d788f6f6a6ea93f23476802b372acba1c6190de3a8351326a2ad
results/ted_known_source_validation/tables/gse153056_negative_control_results.tsv	220	48f419192ac7b6e3403339ff0d14e5d30757353d6c3ad38c3526a21093de0543
results/ted_known_source_validation/tables/gse153056_pdl1_outcome_alignment.tsv	5547	89d0f2e33d975e30725267c977490ad4415c3b3184287f6d602669b970400c49
results/ted_known_source_validation/tables/gse153056_ted_event_scores.tsv	4589	44ba2ea4ff0feeb2bc7f211d9277165a513cb5cf857e468da808f14749bebcf0
results/ted_known_source_validation/tables/gse93735_claim_boundary.tsv	204	1baed4b317c7c966b06a1f055750e34d5360bb5700f7e9c72c3373bba77b8fd7
results/ted_known_source_validation/tables/gse93735_dex_reversal_event.tsv	378	5ecceb7d87fa219cae8200e2f29b41b0879c128120dfb9444d4d026e47c47e70
results/ted_known_source_validation/tables/gse93735_lps_activation_event.tsv	300	009c95670c3e5fd36becae0ab7865d997193522eefb7c51643a35ca7d604e367
results/ted_known_source_validation/tables/gse93735_negative_control_results.tsv	497	03e05ac42f8938bb3bc16ec57be628881593257ac4b738f14e732c3129bfb67a
results/ted_known_source_validation/tables/gse93735_reversal_index.tsv	783	afda14dcf6887ce3394641a389a16d67dc2756d3c61ad58a896a37896ec00f48
results/ted_known_source_validation/tables/scp1064_claim_boundary.tsv	550	c3aa5e9b782bb34b340b887e1c119d5ce2c686c5eb247b6d5441f591d4fe60bc
results/ted_known_source_validation/tables/scp1064_lightweight_shuffle_summary.tsv	8548	b01f9a0edb8911f75bcf31c12e4b713d3270a7bf9c371cb5c68ed87bf49c3e59
results/ted_known_source_validation/tables/scp1064_metadata_candidate_card.tsv	485	89954fb3b4108ea014196ea03d17cc3ea905d55dc01ebd2f9ea186a362f58709
results/ted_known_source_validation/tables/scp1064_outcome_alignment_summary.tsv	4284	7214fb702cb0418c0389f075b445d2c7a10d7d4674d591fdbcf0403cf687007b
results/ted_known_source_validation/tables/scp1064_specificity_summary.tsv	502	f0df40ba4bed46dd173fd787c93661fdf51669581cec8ba29bee542b9db46c12
results/ted_known_source_validation/tables/ted_dataset_level_claim_boundary.tsv	832	740aa0914aa092a9546fd50275adfe965856bcadcaa53fab00d9d6bf2dfd4323
results/ted_known_source_validation/tables/ted_event_recovery_summary.tsv	6214	44fe4004ff331a066214939294ecbf0853006d472220ab5fa94338f1dbd291bf
results/ted_known_source_validation/tables/ted_negative_control_summary.tsv	1024	7d1f7313d10e0a0eebda0bc64359140528c2e0896325a53e5263556999c60b1f
results/ted_known_source_validation/tables/ted_outcome_alignment_summary.tsv	11848	a9f31da4dfb13448405ac5a95fbd7fce8188419586ca9947a2d8023732c0e6e2
results/ted_known_source_validation/tables/ted_specificity_summary.tsv	1013	543b3185ef20ea3bd01a7adc9c7d00a6144c4d9eb72519445b1a3b6a2118d080
results/ted_post_freeze_protocol_candidate/activation_checklist.tsv	552	8531e890abfe0b672c239fb5ab43f059743178ac1de13e3cbe01d413556529e1
results/ted_post_freeze_protocol_candidate/protocol.json	2701	dc8c4a7536e8d863c31c5cdb2b9a417d024642110767d120aca31ac4fe8adb77
results/ted_post_freeze_protocol_candidate/README.md	1418	267774a7ddd9aac471d9e9af9b81c79a825d9a5d9db22a9726f8c02b01ea36f5
results/ted_post_freeze_protocol_candidate/reporting_and_exclusion_rules.tsv	1253	04ac7569799ce333ac40f04c3e529597e2b6c70acfcd6c6dc62637a9401ad493
results/ted_real_data_upstream_sensitivity/manifest.tsv	585	2e13acd7099ed15d24c8910fd6f4e7cf79505b7a17dd2c7a33871240d347fb4a
results/ted_real_data_upstream_sensitivity/real_data_event_calls.tsv	27196	ce3c61a06a06dca798d3beef2e4351192fc865becc6e79503f7570819775e098
results/ted_real_data_upstream_sensitivity/real_data_upstream_metrics.tsv	2820	bfb54d54fabd432f2657ece5374882651fd8592ebea4624bcc1e1e174e01385e
results/ted_real_data_upstream_sensitivity/run_config.json	127	ee5e0c740851837d6d4808ecdca8545cb77b742886a09ddd5487c9dedff8a0e6
results/ted_real_data_upstream_sensitivity/upstream_event_agreement.tsv	3151	1817a8af6bf54a0a4be7752d03a9ad288395b551ecd6f28bda4084f37568a1ea
results/ted_real_data_upstream_sensitivity/upstream_method_registry.tsv	1525	f75bfea7bf49f8d964ae1bd72afa53cbd80299fe3f49ef3a1d27367a4f3cb28b
results/ted_submission_calibration/ambiguity_calibration.tsv	247	be058354eab6663d1825fa552983eab616f0f30cec946e286741aecc45b1caa2
results/ted_submission_calibration/confounded_null_calibration.tsv	3220	7765d71c7b9d4fc8f44577eb24dd9ed7117d49710a7247d64b8b7a6b450a6c63
results/ted_submission_calibration/confounded_signal_calibration.tsv	5318	4db42210b618b9546917c5e1286d7c7731bb150135e43f6b47867e6bef25dd37
results/ted_submission_calibration/controlled_packet_class_factorization.tsv	853	6b0c0e970c8abaa6ac9563bbe1e36747e55f17f016c88e26f36469c1e9440dfb
results/ted_submission_calibration/controlled_packet_features.tsv	38270	5bfff72529903b05f8666052f14d73a8aca3b43db803e95ece82efc04cabf59f
results/ted_submission_calibration/controlled_truth_key.tsv	15681	91d3da6099f764248c804ad79ecc352f68e1ea945b91d74741ea9e85f44dfb3d
results/ted_submission_calibration/controlled_truth_metrics.tsv	270	c9189c5bb21eba05d6df822ba354100a6d53782c423da75914899319e8700495
results/ted_submission_calibration/event_fdr_calibration.tsv	5708	0702bb2edbc807d7caa1b8294f3fcbcae03f84c417a0e730d5b99efd96ea2920
results/ted_submission_calibration/evidence_tier_selective_coverage.tsv	576	3cf2d28c079fdfaec5a70a836c289109a810f39ca7060bd68f6161ec014ab7d4
results/ted_submission_calibration/failure_modes_and_applicability.tsv	2750	4563240f716b99d93463d30b8882a8ee567a290191a92f327b0ab84b28c49c60
results/ted_submission_calibration/manifest.tsv	1779	353825d441a0b481f7ab2f65e800258d9600f3c39415cc142eb791749fbdb2cd
results/ted_submission_calibration/packet_class_confusion_matrix.tsv	564	67abe04d98c05781b953a12150e8881a1bb3bedc50c1f555c4c39376d05cff5d
results/ted_submission_calibration/rule_perturbation_sensitivity_calls.tsv	69633	e87e3a2c95592ba5ba168fa643c4f4983a86e439499c05c7f55608396faeabd1
results/ted_submission_calibration/rule_perturbation_sensitivity_profiles.tsv	745	3ff4b9cb70f93f0ba58901a02061df33c63c5c91cf3f3ba8d915be5abd56d459
results/ted_submission_calibration/rule_perturbation_sensitivity_summary.tsv	404	ad540e500ecda62547840c422207785190289c56d8b17ca1994f3137e70e6e6f
results/ted_submission_calibration/run_config.json	294	3def2f5f4d9626ba8aed240a6d0808aaa9546059fc691921fb5df9dd210937aa
results/ted_submission_calibration/ted_packet_predictions.tsv	22826	db87805c6a61beff1ca866b803d6c9ea7dfeed8759a5b3f1ea93862bbd15a945
results/ted_submission_supplement/cross_dataset_holdout/cross_dataset_primary_endpoints.tsv	908	7c9c42d74e2ac5d0300acaf0f2786a62d1f4cd3fac4af61a3f02579de7853eb3
results/ted_submission_supplement/cross_dataset_holdout/cross_dataset_summary.tsv	335	6100eb295802cb43b0633bf3d3056ed4709fb91d45dcbf5d178d824558691369
results/ted_submission_supplement/cross_dataset_holdout/leave_one_dataset_out.tsv	535	f11ca1b6846dbdaa273560f3eaf39c31fce168f258d880e83ecd536fc0d3e29d
results/ted_submission_supplement/direct_external_baselines_docker/direct_external_baseline_execution_manifest.tsv	1567	06fa7ec087b4ad8bdb7e90d8e5c6d837d2a41f052f758e33f67919e8f921b8ee
results/ted_submission_supplement/direct_external_baselines_docker/direct_external_baseline_metric_table.tsv	1343	5203965ad5e4f35db25f3f8821e32ba14d79f60300e76af1210a8f912fdeae39
results/ted_submission_supplement/empty_env_validation_demo_20260716/cli_activity_validation.tsv	98	4a8206433e62f5b934a9d018e6ad0dcddeb28440053194a246f1e7ec2a9a7524
results/ted_submission_supplement/empty_env_validation_demo_20260716/cli_event_v2_validation.tsv	95	263829b5e8c7ab0ecf57e6ade1b5caa681460cbb67027285cd80edd6e221e7d6
results/ted_submission_supplement/empty_env_validation_demo_20260716/demo_events_v2.tsv	2060	6402bfa64e56361881df9141811400f3a9654663d3cdf29f989d938bda2a1357
results/ted_submission_supplement/empty_env_validation_demo_20260716/demo_validation.tsv	183	25d98bf83215be3fc02e01db47b1f3d53caae7fc5f72698231dba7491c21a53b
results/ted_submission_supplement/empty_env_validation_demo_20260716/environment.json	2188	bce6bd2988554cf7a02db3572ad09a99b5a037610e9f74dd0099538b51fc02d1
results/ted_submission_supplement/ev_v2_verification_2026-07-16.tsv	4167	aaafe4dec9ae8a0eadcd94ffaa3d6ba0be40ea6115eaa5037babe2a27de48835
results/ted_submission_supplement/event_layer_scaling/environment.json	314	98b1d4e38cba157620181df5223bc34a36a45ae2855c69626e15e54d5c17dc40
results/ted_submission_supplement/event_layer_scaling/manifest.tsv	484	38ffddc184e9ba3bea8e897af394520e31fda0a8e3722061248b6194ebb8f0b9
results/ted_submission_supplement/event_layer_scaling/scaling_report.md	2707	17784ed9058ff4b78f8e45d130328520dd2ef9d4df0f50f35f949d62a62e6f58
results/ted_submission_supplement/event_layer_scaling/ted_event_layer_scaling.tsv	4484	d5334d972233bac7fabfff85ea69242aae4872c3ed014c35158745dc5e08a2f9
results/ted_submission_supplement/event_layer_scaling/ted_event_layer_scaling_summary.tsv	1433	6a8c4eb4c80302ca00a406c469445f675e6e580ea7e67aef79165851a2f5fb8b
results/ted_submission_supplement/event_layer_scaling_quick/ted_event_layer_scaling.tsv	1084	0213264b62ead9fc2e65e12a69518dda894aa23f0e0eaf762682fb5ab01286c6
results/ted_submission_supplement/evidence_manifest.tsv	45449	2de98660aede1f8fb28c8d7a0fa0a92eeb41b4e292c4506e0a8d90a4509a1fdc
results/ted_submission_supplement/final_verification_2026-07-16.md	3983	63d9009cafa2c96310eb05880c5e465e45d95bd7d9e401515b65b16b43d384d5
results/ted_submission_supplement/parallel_threads_1/ted_performance_summary.csv	1575	0a127d6f158245a5bc40826c630283473364cccc7c4d88e78b57dd95179bddec
results/ted_submission_supplement/parallel_threads_4/ted_performance_summary.csv	1580	0f0aba0796aac40e8db20fff7307fabeeea5e16d6f90fbc5c2fb8d934b9f6f99
results/ted_submission_supplement/upstream_sensitivity/upstream_method_registry.tsv	841	ce6d7a1e972543fbcaa8cb26fc7cf44a97d42e7f17cd8b33f4f082a4d4d8943a
results/ted_submission_supplement/upstream_sensitivity/upstream_sensitivity_summary.tsv	1588	119a908669717ed94364c0e6f5198107df5588c2e2a33a3b2b9c024f1306dab7
results/ted_submission_supplement/verification_summary.tsv	2575	96cdc9e8d7ed971e7f32d28d1ec3929cb61888f705fd34fb660ae604674b2f1a
results/ted_submission_supplement/wheel_dist_ev_v2/pyfgsea-0.1.4-cp38-abi3-win_amd64.whl	1049109	94eef654d76d92d91e14234abfe71c587404b8c460e8423f9ebaac99c6bb5db5
results/ted_submission_supplement/zscape_leave_one_embryo_full_refit/full_event_table.tsv	1006297	f97050da9d2c5f3db97dbe98931e244f2a97829bacbd7a0973c7f1c23ffacac4
results/ted_submission_supplement/zscape_leave_one_embryo_full_refit/gse271399_estimability_audit.tsv	545	24d5e6370551780bc399f5e8bc511cda6c46d2e2650e50aaef8a5c5d560fd358
results/ted_submission_supplement/zscape_leave_one_embryo_full_refit/leave_one_embryo_refits.tsv	202623	05a260eef71e5e2de480b198519fe11971fcb6a91f5cd2acc9d43d833eda388c
results/ted_submission_supplement/zscape_leave_one_embryo_full_refit/summary.tsv	493	67df1c9ea6a25b172bde96688912c8403f64d4c7f19b8fe8b23571917094de5c
results/ted_submission_supplement/zscape_repeated_holdout_stability/event_selection_frequency.tsv	1025785	ad3ee9b8661fafcc8491dc4db142aea40f07c1325c4c629294508cd5976e5646
results/ted_submission_supplement/zscape_repeated_holdout_stability/repeated_20pct_holdout_metrics.tsv	9446	43da46afe1940aa6925515f1e82b81bffb89ae67ecfdcc94203e8be5be79c4c6
results/ted_submission_supplement/zscape_repeated_holdout_stability/run_config.json	541	636446cc2d2e42caa0edcadc1241348f7ef76e10b885cd845b6b989210e4f245
results/ted_submission_supplement/zscape_repeated_holdout_stability/split_half_metrics.tsv	3644	f16b9de437d239068bcd21f153535f48f5f1e86c0074af292826149d56cd6ee6
results/ted_submission_supplement/zscape_repeated_holdout_stability/subsampling_curve.tsv	728	899b8b2fb572b634951a22d1d3206bbfc6e5853d96647382e84d7e74f3c5d75b
results/ted_submission_supplement/zscape_repeated_holdout_stability/subsampling_curve_long.tsv	6962	7ed644a8a2663bd7bcb443d79781fccc68bb9ee900a4de447c035ce18213d48a
results/ted_submission_supplement/zscape_repeated_holdout_stability/summary.tsv	1489	7902a9410ca9c2f6e0ec986812f9fe5c8491ccaf81df58969cdf39ad40dff9ca
results/ted_submission_supplement/zscape_repeated_holdout_stability/threshold_sensitivity.tsv	600	5f7409f7292447042275b154c97446a11e79ce3edbe69f7d9f603c6cfa1812e1
results/ted_v1_submission/build_record.json	443	1a92fe2a050889827562e7975b40286e2e5d76446b65ec3a05c919b3a1d80c68
results/ted_v1_submission/candidate_supp_qa2/figures/parameter_sensitivity_multiverse_figure.png	185812	ba34675149f5adfe4e6f4e133344f95e28786b0602e64e620c3c613c43cda606
results/ted_v1_submission/candidate_supp_qa2/figures/supplementary_figure_s2_bombyx_workflow_localization.png	353443	8a2c0c976e544ed4387c93e0e2d7a7b8d87a996728eac925e98dc7305017b94e
results/ted_v1_submission/candidate_supp_qa2/figures/supplementary_figure_s3_bombyx_controls_windows.png	212480	7778f7e5f45655e4329189dde00c42f6452d98027204676f8427cbe667ae657b
results/ted_v1_submission/candidate_supp_qa2/figures/supplementary_figure_s4_dynamic_pathway_event_grammar.pdf	34924	8933f7d7980f23eb607b4e7777fba8262514fbcd3c6a14c829df94d6a6822bf7
results/ted_v1_submission/candidate_supp_qa2/figures/supplementary_figure_s5_scp1064.pdf	16433	ea86f7f9768fcde14fba69fec79eff421e71da81735eeee9f32fd1ca7268f535
results/ted_v1_submission/evidence_axis_legacy_crosswalk.tsv	2001	8598a70735eea98af43134720f4c8a09dd3179dfec9c76c208ee94cec68947f4
results/ted_v1_submission/evidence_manifest.tsv	11268	485acaf12fa6fd9342f48707a29fa71b55054ebb3a4ae45a65069f4d19b292a0
results/ted_v1_submission/figure_manifest.tsv	1769	a904590c175f5587ca9e1594513349c8ac3338aef41140e3bd9bbd16a79a90d4
results/ted_v1_submission/figure_source_data/figure1_problem_definition.tsv	1165	3802b898f1b776caa8c828fa5e3b4eff66ad8d4eb4e308ebbf91671a33561436
results/ted_v1_submission/figure_source_data/figure2_split_and_leakage_audit.tsv	367	4d3dd4db683da2104800c0da1297cec6b3e0a201698638a4606238934f01674f
results/ted_v1_submission/figure_source_data/figure3_accuracy_risk_pareto.tsv	235	80e13a5429d915f55ea2b12330b623d7388be8e53dc82a496c89fed6b95ff458
results/ted_v1_submission/figure_source_data/figure3_adaptive_window_multiplicity.tsv	7650	18c78b9b5e2c280b10a3d9ea94588cec382b25bae27d23e0832df2b50107aa2e
results/ted_v1_submission/figure_source_data/figure3_confounded_signal_calibration.tsv	5102	8272b01720e49f3538e8aa1fd979271c0106ad75472034ce3f533c2df4b3545a
results/ted_v1_submission/figure_source_data/figure3_current_task_audit_predictions.tsv	31237	de6aa7a2b4990bf00d8ce72a2b99f243e8b34975492e8affb37a674e72dab229
results/ted_v1_submission/figure_source_data/figure3_current_task_metrics.tsv	1443	209a5ff16df2c23101512bcc0b197611e2aa0d5244901589646bd6510da87f4c
results/ted_v1_submission/figure_source_data/figure3_factorized_full_ted_calls.tsv	124305	72c3f7f245a9b091b09cc81c82356b177f1813154141515c9e484bacfbc3d8a9
results/ted_v1_submission/figure_source_data/figure3_factorized_truth.tsv	62932	5f2c6e73f8574534c4b8d19c311960e8cb0e2aee6bf9c343d4e41c2bdf2b1dc1
results/ted_v1_submission/figure_source_data/figure3_fdr_configurations.tsv	5087	b7c8096be84ec26545d8113b8cf5f2d15a19a1381d1014f43d3a1e50e8a5a22e
results/ted_v1_submission/figure_source_data/figure3_fdr_summary.tsv	679	0ef2db1a17ac08afd707229f841dd13663ff4c4e737f6035a228de4179b716b1
results/ted_v1_submission/figure_source_data/figure3_gate_ablation.tsv	1805	749c7732cd701e2b2fc4450dbfbda4ec40b8ad3bc60f89b54f0c2dbc164409eb
results/ted_v1_submission/figure_source_data/figure3_paired_deltas.tsv	420	c854e92aacab5f1b4e89afd19ca05a7f4e412a027f8ef9714d04189551a5ff70
results/ted_v1_submission/figure_source_data/figure3_reason_code_confusion.tsv	280	82000a52d7ce4be1d26f050972d6718db0ae94616c644ffa29d1913330ee8c50
results/ted_v1_submission/figure_source_data/figure4_real_data_upstream_sensitivity.tsv	2791	6ffe5de34b2aa2da074a72016ef368f4f25daeb752aeee341f5c971fc4ea0de3
results/ted_v1_submission/figure_source_data/figure4_scaling.tsv	1403	8f8322b712a355fcfdac7f5d0173ea89c1887345578b4df7a6e5ffc3887d06d3
results/ted_v1_submission/figure_source_data/figure4_upstream_sensitivity.tsv	1564	3831cd380b634e0983ff4f1bf2310d64e1e000931a49f6c6ff8ba394a05c434b
results/ted_v1_submission/figure_source_data/figure4_zscape_repeated_20pct_holdout.tsv	261	7a61070ec0a3d6708a236e76f1636603f13f73bb668f6117b02a82b493dad5f0
results/ted_v1_submission/figure_source_data/figure4_zscape_split_half.tsv	265	81ff5b75b93f00f3a27dd14ee860a416a6ab70582265c2b1459a9596b8ee5a70
results/ted_v1_submission/figure_source_data/figure4_zscape_stability.tsv	155	d9b3963c849a03617005b7eebecc5fda89c97840b38dcbf32fb684900faa51e3
results/ted_v1_submission/figure_source_data/figure4_zscape_subsampling_curve.tsv	719	1f87d194c23830592a3b3ee593b3c63e54b10575f390462c4af6f4789b8c2cef
results/ted_v1_submission/figure_source_data/figure4_zscape_threshold_sensitivity.tsv	600	e4870912f80f48d2ba49da07563277835bb1a2be2bf43b04f90fc7c8b70b7447
results/ted_v1_submission/figure_source_data/figure5_evidence_descriptors.tsv	320	b7d3acf7066ae640ca0c691d7a7b96e8070a8cd188c23a61245cc1b425c071ad
results/ted_v1_submission/figure_source_data/figure5_gse153056_rna_protein.tsv	5451	ca0985b9c551c13f2aac115440728c7b2d3226d26a383fa8bd54808f169a6e35
results/ted_v1_submission/figure_source_data/figure5_gse271399_day_consistency.tsv	53374	99789311f987acdc98f0472c47650da4ee6f66f353dee61c31238edfbe1d94a5
results/ted_v1_submission/figure_source_data/figure5_gse271399_family_day_summary.tsv	149	dcca158a43ce1b174ecbc2c72f5b56376e69b2ad70d19e20fc605e5b5dbb4654
results/ted_v1_submission/figure_source_data/figure5_gse93735_reversal.tsv	783	afda14dcf6887ce3394641a389a16d67dc2756d3c61ad58a896a37896ec00f48
results/ted_v1_submission/figure_source_data/figure5_scp1064_heavy_shuffle.tsv	4362	9ebe153f4aee33829be4e71eef02ef76e324c11716dc205bc3748dfa56bb1ec6
results/ted_v1_submission/figure_source_data/supplementary_figure_s4_dataset_coverage.tsv	235	d220fca36c3c5a42bba8c765cf40bcea1739ace7c65ac8715e757cd68260f116
results/ted_v1_submission/figure_source_data/supplementary_figure_s4_event_type_counts.tsv	130	39bca5bb2bdc842d36fd23f264d9791ffefab3a23fdb529681ea7d50ec853903
results/ted_v1_submission/figure_source_data/supplementary_figure_s4_required_fields.tsv	160	b9ef6dcf4c80c026c1a3eda7133075a45dddf5360342b82ac3ac8718429e4ebf
results/ted_v1_submission/figures/figure1_problem_definition_ted_algorithm.pdf	28108	b4829128daf7257b38487cec1aae167126bf71bf59558ee847554be705b78216
results/ted_v1_submission/figures/figure1_problem_definition_ted_algorithm.png	492481	ed2feea3e8be9ae0c3a18f7def07757beb2e164258d42c0eabe185d64b925e8d
results/ted_v1_submission/figures/figure2_frozen_benchmark_design.pdf	29806	f62ad8dfbf8eaa7f2b63b6f905872842afaaea47d0cd65f376d53c6d908cd2d9
results/ted_v1_submission/figures/figure2_frozen_benchmark_design.png	497476	1ed886297c84546f04f8e5ee62e12a88a24908a0eedfb87b7597bc5901ed8696
results/ted_v1_submission/figures/figure3_primary_heldout_performance.pdf	38515	0da37752bc9852606d67abeff80f852ac3f5724caf13418c27473e3cb5e3024d
results/ted_v1_submission/figures/figure3_primary_heldout_performance.png	552843	218d760f756b1e6057d1d14a0718ddaae1fa48e864e1a899f9128a6c724f3d52
results/ted_v1_submission/figures/figure4_robustness_portability_scalability.pdf	33576	825af7a54df2a666935ccca41163279de16536a57530e53f241815c33e3d05f1
results/ted_v1_submission/figures/figure4_robustness_portability_scalability.png	476222	f815b7d52c8f6f4774c5b8747ebaeefafd93889c57ac23d306b096ec62dc2ead
results/ted_v1_submission/figures/figure5_independent_real_data_validation.pdf	33267	598a5f4958e71c128ef2c636dc3994b600e7ae2bab05cc0ca0d9d7c3774d80fb
results/ted_v1_submission/figures/figure5_independent_real_data_validation.png	441653	f350922a94c07ba22cdf70b05682e6cde4dec02f090350839560040378b5bdc8
results/ted_v1_submission/figures/graphical_abstract.pdf	21631	02e1b65cbcb45e35faaeaaf208cb9a3a7f16d14091b1e0d3c351ee0690d00066
results/ted_v1_submission/figures/graphical_abstract.png	212388	9e3e9b509868fb05a2798c2f08eb471d8835a8ee782a883f06cc7f9ba51ffea9
results/ted_v1_submission/graphical_abstract_alt_text.txt	577	c04d7a7413584dd5bed24a711b9a79c3e2bceaf4881f7cd575340ab2a5db8ee4
results/ted_v1_submission/gse153056_block_aware/gse153056_block_event_support.tsv	10879	16d511f004a7fdaef21d048d58aa9506c926f579de96760380e41f64b5a19a48
results/ted_v1_submission/gse153056_block_aware/gse153056_block_summary.tsv	492	ab77a92448aaaa246ec710bbe9aa0f5c2c69d40f481fb008144d6642fb4758e8
results/ted_v1_submission/gse153056_block_aware/gse153056_replicate_effects.tsv	7883	529e0c29d735c6f10d10fdceab87a75998347286ee16e3b45d01c87996c64e7a
results/ted_v1_submission/gse153056_block_aware/gse153056_stat1_gate_audit.tsv	2305	54c723c93ea07dd08a4ab4e1dddb4fabb4f0518179889245dd9746985cecd1c7
results/ted_v1_submission/gse271399_design_stratum_audit.tsv	1088	0f0d78c518edbf8b8da0376928d17eede771f6f8f50f5bcda98104e8e7be3692
results/ted_v1_submission/gse93735_ev_boundary.tsv	837	7e35ecfdc95f96eb1e2ec69bc8904ce676f2848c6a01161b64390ca1406e13b1
results/ted_v1_submission/legacy_archive/parameter_sensitivity_multiverse_figure.png	185812	ba34675149f5adfe4e6f4e133344f95e28786b0602e64e620c3c613c43cda606
results/ted_v1_submission/legacy_archive/revision_build_record.json	443	a2ab180590c3436a27c82d7666a5b8d4e525447057b4f3df6c0237fd0224d8b9
results/ted_v1_submission/legacy_archive/revision_evidence_manifest.tsv	35906	e820009d05f5ac79a350e3693648f1766696bb1a8e2028e81862637a6b323dee
results/ted_v1_submission/packet_bootstrap/packet_bootstrap_replicates.tsv.gz	200816	eea172a7c0d5348ae940139e6c8842b3d183e49b6ca50aeea1555e7b976aeefc
results/ted_v1_submission/packet_bootstrap/packet_bootstrap_run_config.tsv	160	d90c21f3fe57f7151fe1463174b39870cdd481d37d4647def6cbc4599ab5386b
results/ted_v1_submission/packet_bootstrap/packet_bootstrap_summary.tsv	1323	eba88955c42ca0a594cfc18d93de69cdf742882c200390fbc8507554a8f76f75
results/ted_v1_submission/pdf_qa/main/page_01.png	165883	63fc753059255bef57c74fafacb994fabab9a04c5b73727929d794336e948f9e
results/ted_v1_submission/pdf_qa/main/page_03.png	187247	2eb0fcfd97a66c2d39925b2fb9174b176377c46dbdda5fc8f69c4f50de411550
results/ted_v1_submission/pdf_qa/main/page_10.png	240252	80a635a45885653df6a0ab3cf9a4ed1113d0ecf7f23e5ced0be9f3b801648814
results/ted_v1_submission/pdf_qa/main/page_19.png	81611	44d6ee241091fcb21b0e3f040b889695b3699efec629e6a1ade728e06a781cac
results/ted_v1_submission/pdf_qa/main/page_21.png	78736	1c78f3eae9f8cf4644e8a9471c4adb2f917ea5f1c4805ff9339dd74880ba3ff8
results/ted_v1_submission/pdf_qa/main/page_23.png	92257	c42960efbfbf9bb4ef85e45126cdbf9e8a57a1a3069a416f19f13691328d4c6f
results/ted_v1_submission/pdf_qa/supplement/page_01.png	266928	e4c05586f4dfd250d57580ef5c9d7903385ac426b409e1b2925633289cf9c44c
results/ted_v1_submission/pdf_qa/supplement/page_07.png	136931	fcfd6bb38ef0e1c9f517ce882cee237200c11e817002a5cf66b58c3c273f59f6
results/ted_v1_submission/pdf_qa/supplement/page_13.png	284701	66632f74f01420534a9141cbca5d5ae09c1032e310a9f36f4647db7e578369f8
results/ted_v1_submission/pdf_qa/supplement/page_14.png	210627	4813ce5863457bddb48394b9a345e6642b8e8f2f8f935b881bf8e3cb06dd118a
results/ted_v1_submission/pdf_qa/supplement/page_17.png	55249	c0a7980acf4f1310344a0e795820e6a7c3a0e35cef5be7f88696ae3e56abe8d4
results/ted_v1_submission/pdf_qa/supplement_final/page_13.png	337186	8dc984f151dbe7ba9701c6364f13c4c6746847cc88d96b9010b235442456422e
results/ted_v1_submission/pdf_qa/supplement_final/page_14.png	255030	863565c8db00201744e4519156e450833a5b94b3c1e98ab692006c5fde3fbbcf
results/ted_v1_submission/pdf_qa/supplement_final/page_15.png	405150	601b2956e790bd71f3fd28b1133e267b974bbf0857cb829bdb7c4c82198f7126
results/ted_v1_submission/pdf_qa/supplement_final/page_16.png	268143	a4aa10ec1e696f9f0b863c8f577154e98671bd2d829b98a402c87ed076f886db
results/ted_v1_submission/pdf_qa/supplement_final/page_17.png	66516	51e02599966c8a1d9980a9e13f35c3cd2434dc076381f3b20bd6f7900672bc56
results/ted_v1_submission/supplementary_figures/supplementary_figure_s1_scaling.pdf	23593	3be6661b5c25240418223fa906dad707d2b85e3c7332e1c41431840510b8354c
results/ted_v1_submission/supplementary_figures/supplementary_figure_s1_scaling.png	122026	6840dd415c3d59c85845cbcc16fb09270dc2d04ea02dfc29ccae0a7bce6aa776
results/ted_v1_submission/supplementary_figures/supplementary_figure_s2_bombyx_workflow_localization.pdf	115649	0d836df13ae1aab8f95b7df6765abc85526b121391e5aa7da986484b1b1cdafb
results/ted_v1_submission/supplementary_figures/supplementary_figure_s2_bombyx_workflow_localization.png	613753	555a7569438d51647b79c64917ff54c82fbdfef9b48ea0e396c5466db609e26b
results/ted_v1_submission/supplementary_figures/supplementary_figure_s3_bombyx_controls_windows.pdf	27647	bd05d34656abf1b3cbcaf45bcfdb0027ffe383c7003ae1d7dd77a8ea60a82471
results/ted_v1_submission/supplementary_figures/supplementary_figure_s3_bombyx_controls_windows.png	251344	5ede3a908e0bb0f653a64d2cfe9d4cdb9bf7b2bddcfffd9912f27790309fd25b
results/ted_v1_submission/supplementary_figures/supplementary_figure_s4_dynamic_pathway_event_grammar.pdf	29415	249c61b1bd87b1ac78c4f6b51375e959967f266baee75a99886a15589fcd3f1f
results/ted_v1_submission/supplementary_figures/supplementary_figure_s4_dynamic_pathway_event_grammar.png	443488	2c803586ba2d6528776268c059a27b60d4eefe093056031aac8e6f2d584fc5ed
results/ted_v1_submission/supplementary_figures/supplementary_figure_s5_scp1064.pdf	21144	b8bddaebd6f36ea8cae857fbfb7da393b5c743827b27e8bdf1f4c92854617fce
results/ted_v1_submission/supplementary_figures/supplementary_figure_s5_scp1064.png	123432	dd0262e5f066606168eeb722a978bd252c1ca9db2e228c034489d2863efc7d17
results/ted_v1_submission/zip_qa_20260716/figures/figure1_problem_definition_ted_algorithm.pdf	28428	cc100256b7b6949810cdc3d7c117ef77d3b061d0be80688a882447203aa3e66b
results/ted_v1_submission/zip_qa_20260716/figures/figure2_frozen_benchmark_design.pdf	28936	ba898406e078beafce9f6533d2d98aae62feef32551fc809a183cd54c68e381c
results/ted_v1_submission/zip_qa_20260716/figures/figure3_primary_heldout_performance.pdf	34629	9df4796c27d78226825ac7b7cc562852a2414e30605f67ce40d22f5b5102f792
results/ted_v1_submission/zip_qa_20260716/figures/figure4_robustness_portability_scalability.pdf	36165	7ab37f3b2da8dbc104bfdb1fef421f0a03cd73b5b7777940dbc367bbec379e17
results/ted_v1_submission/zip_qa_20260716/figures/figure5_independent_real_data_validation.pdf	36421	48de0ea24274089a204d605917c7ef456ed08a321758c6da23266e5663d45cf6
results/ted_validation_demo/activity_cli_validation.tsv	98	4a8206433e62f5b934a9d018e6ad0dcddeb28440053194a246f1e7ec2a9a7524
results/ted_validation_demo/demo_activity.tsv	29305	10080b101ce8ac8a104f588eb0cb318e9a840b9c05495041272fa1a294b44534
results/ted_validation_demo/demo_events.tsv	2065	f432b24769fc06ab987425df5d5b6c80da89446529d25367759393caa56690c9
results/ted_validation_demo/demo_events_v2.tsv	2065	f432b24769fc06ab987425df5d5b6c80da89446529d25367759393caa56690c9
results/ted_validation_demo/demo_manifest.json	337	af73d6fbecbbf9f1d260de52c5d6e39aef35dda56ec5c108cc9c6f5a13ba899e
results/ted_validation_demo/demo_report.html	4017	4248a2dbfdead2b53f6bc8b8d06e18510103b27a1bacf754e39eb4bbd98d6094
results/ted_validation_demo/demo_validation.tsv	183	25d98bf83215be3fc02e01db47b1f3d53caae7fc5f72698231dba7491c21a53b
results/ted_validation_demo/event_alias_v2_cli_validation.tsv	95	263829b5e8c7ab0ecf57e6ade1b5caa681460cbb67027285cd80edd6e221e7d6
results/ted_validation_demo/event_cli_validation.tsv	95	263829b5e8c7ab0ecf57e6ade1b5caa681460cbb67027285cd80edd6e221e7d6
schemas/claim_levels.schema.json	1180	8be2d26db55405bf10e84eb6cbc74522e44ba49fb15586f3364c4acc88febae5
schemas/evidence.schema.json	3246	334ef04faf9c97351dd1ba297e5d6a959d88967b9e18b499e108271bc7344655
schemas/experiments.schema.json	3703	0ca2929859d85fca352cfdd3f79930aaac731f7f5a373c0ed2e97f7ed9175ee5
schemas/hypotheses.schema.json	1666	cfb5ec4cd835f435093e8e05aed9c1ff453d53aa570a0f752a63459af7b87c31
schemas/observed_rescue.schema.json	739	89a65067b509226c1d923710984a4fb3b19602fff41e28179567a85d434b9269
schemas/ted_event_report_v2.schema.json	7901	ad4382783b7a71ed9f8589a4f92a3c31e1910f86d3c6fa2f5e2ba04e82f09489
scripts/201_build_ted_benchmark_registry.py	10260	02dce8ef6fe47ddfd0067e42292b4a85d422d085664b9d2ad38e59eb54b35bb4
scripts/202_prepare_gse153056.py	7068	b1c65a215d3ec0add4e2ca209cb14068803fa050a385d1a6c1e0a5e81767ffcb
scripts/203_prepare_gse93735.py	3372	595613bdb8c6a2fa441471d15e7060b44c04657abc970a5f65f5413a3b0a7de8
scripts/204_prepare_gse90546.py	2805	f9c225821250f0e578e31892b5c0743b8868c7950ff2767a063a08de0ac64e1d
scripts/207_run_ted_known_source_validation.py	16038	4b0f201da58f36de923743ed6cc350e4650464eb5bf6d9fa10af0055da1e4136
scripts/208_run_ted_negative_controls.py	2801	26eb555fe97ad549db31f40cab1bee4acfc5487a61c48f215592e39196cfdfde
scripts/209_build_ted_validation_figures.py	3270	de8f80e3cbc7bd52cd79c317b61de53845cf587306ee45447bcde59be8dc7b31
scripts/210_run_gata1_cross_dataset_support.py	7828	185e276ac054b535536bca73ec7332f1f69cde3430b970d8f7f4720560e1ccee
scripts/211_build_ted_upgrade_report.py	4949	03c75bfd326b00377260195b560a4013dd4314154185b70b3225ed69aa3e966b
scripts/212_audit_scp1064_files.py	283	a84110e38ece5abca12808d5332be11b13cc290eefc4724d3b2236c8d30e7f2e
scripts/213_align_scp1064_cells.py	285	80ab1173a40dfc3708f53ddc8ac57c953d581ac64956394c1f284a8d84a1f8d7
scripts/214_build_scp1064_perturbation_metadata.py	263	feb6db5d3cb0507a3c606bcfef9e92e9df421ed4ab5634735ef2f0e3f00d4151
scripts/215_prepare_scp1064_protein_outcomes.py	338	446746fc0e9d94f9351995e6ec321616b4f3a8506e4ecc2b0224b475638a8fb6
scripts/216_run_scp1064_ted_rna_event.py	322	d63ca212456e9901ea082631d75da0cfeb57110e0439bd0c861d75a139b7de1d
scripts/217_run_scp1064_rna_protein_alignment.py	334	df90825c34840da26a3f79de3872f31efad209f0d200a81b9ea6fccbdae571a8
scripts/218_run_scp1064_negative_controls.py	322	44fe95faf2ed8ca5c8893d41645740c821fddc1620b5c766e3c27174d53872fa
scripts/219_compare_scp1064_author_effects.py	331	76d4ccf4d7722d968917dd39f601669be72fff9a0d6ed82350a8bc54a451b05c
scripts/220_call_scp1064_claim_boundary.py	218	b160f5f084376c030f76ea5dd40650b1c10b00dbef9646851974d541a7f3f300
scripts/221_integrate_scp1064_into_ted_upgrade_report.py	240	49e874d31cf109f7b756a1a7a097c509d545fb4a3ceab5b7d81c68c720eef4c5
scripts/222_build_scp1064_validation_figure.py	8518	d6f2fff3b9e9dd6fc57250070c6b40e91f35bf877ca934a54127b92bb1566de2
scripts/223_build_claim_boundary_audit_figure.py	9146	a918da37f8b9f0141a5b4f7c35ae3758e49c6cb8ddd1153613e285d4a62b155c
scripts/223_run_scp1064_lightweight_shuffles.py	8612	f07e72c475066850d43538fe577e935152876e02eb3db3d281991dafa91f8f51
scripts/baselines/run_gsva_aucell_baseline.R	3763	0eee77ce866eeb7cdae8af9be3c0d0d11f51d15fc03e1f28486bde78843d4391
scripts/baselines/run_pot_ot_baseline.py	2692	63e0dcad70ec01cb149fe76a177f2419399feb4389edb1d70d2ff2e79048b75f
scripts/baselines/run_tradeseq_baseline.R	2115	a56f91d2d9703fa25b4be9bd5f3cde57d1abb007dfbeeca2b902fcfda51f56c0
scripts/benchmark_ted_performance.py	14917	b3f6513cafb45d995a28f8ff0390a2c58e3df8da71da21ff9f08b92d384b5b64
scripts/build_bib_conservative_ev_audits.py	6187	b774e3866a14131042a7d53c77cd21cc75b0d29810fdbed688f62333b696f603
scripts/build_bib_main_figures.py	58194	a6363e67f1b792b6d9ac5a46a9d650939c89f60a49a575eed0478c092fbe7e2b
scripts/build_bib_revision_manifest.py	16229	60296bdd60dc2b706ffcc2258bcff688b73ed35153f2b95769df67eb286dcd18
scripts/build_bib_submission_bundle.py	57620	643bb26f236b17b510cbb9ec49785a0658dd3b032c87c3d274551f53eb57120b
scripts/build_bib_submission_candidate_manifest.py	975	f729a298c1cb839f340be08384a6b6acd8e0326d25f30177cd78aff036bfd1c6
scripts/run_direct_external_baseline_suite.py	13268	420b2b41a22d8412d30f4da10ccb34856f3d782db4ddbdaa2b2954d5bfb7c5d4
scripts/run_dynamic_pathway_event_grammar_standardization.py	45090	4bb8f3cf206fa5fbedab08600862b502c18a9e00f431a3495c2ab384b0e33f0e
scripts/run_full_benchmark_suite.py	7213	80e7037e25a170a7f7dc8c8c038eb6dec5b4a999a4e0456c6a1f682b8208cb6b
scripts/run_gse123013_stress_adjusted_fate_switch.py	10447	a3fff876b2cbd8d6568f2cc4a5c03c40b6ee24c840182fd593f75bb68127c5cb
scripts/run_gse153056_block_aware_validation.py	15579	8bf9331b36d4e4344373bea53169d7b4ded94915cec949f631886ed8845979ce
scripts/run_gse157977_locked_validation.py	12395	003195d5dd57633ff50390b0107e63c912310c56939f1fcd064034eae1e8b2b7
scripts/run_gse271399_family_level_inference_v2.py	26151	075a1f2d7699325669255846215f171298ed08be9d1ca02a135ac742c767cdb5
scripts/run_gse271399_family_mechanism_hardening.py	34038	4f833c550d3c9a5823c18487fa4164ee0e8debc1195d5378505860e5ab09effd
scripts/run_gse298761_single_cell_preregistered.py	30753	1aa4fde1c40f45e7692f9b6a02d5be471ca6def4acb3d1e3f0254aeb2d406cc5
scripts/run_gse93735_preregistered_matched_intervention_positive.py	16003	28a71a6ea63cdb59c539a0fd3eb87e1a5e549fdbc8db3beec76cc9408047a873
scripts/run_public_matched_validation_positive_stratum.py	16379	79dd37f90a52f66b5522481df638a6fa2bca0566eb8c7a7a9f3becbba97d92fb
scripts/run_t21_gata1s_external_public_data.py	40176	810efef9d87d075d5fd5fe8aee71e26cc6f6e24007566a42ca9e96248bbcb3b1
scripts/run_ted_adaptive_window_multiplicity_benchmark.py	23446	c5a619afce60db79b129c56063642937c351bebd74d41f857f4332c9b06548d8
scripts/run_ted_benchmark.py	23763	e4178fe561132b5a31f53cf1ecdeb9f2735c0765a9b3eedc51e0acc2ecc82e84
scripts/run_ted_current_task_benchmark.py	16966	99b3c4f6f749580ee9282909b9bd550c0b3b00347e71fda6c20063c53c49a680
scripts/run_ted_event_layer_scaling.py	8998	78ee84e879edc183a236362f016817343f7fe35dce2bea27b914c5c72ff8641b
scripts/run_ted_factorized_ablation_benchmark.py	26651	7543e049a9f351f5377982061d952c4f2caeddb3b5fe06148fc71f0807d935ac
scripts/run_ted_packet_bootstrap_ci.py	4220	1ad91ed013022177aac52f68282a17efb39b71b39a59df91a7101a8e766623a2
scripts/run_ted_real_data_upstream_sensitivity.py	13663	bdcef241ada189428d3af8d34766ff266dfa94b02630480aeebd679512a69121
scripts/run_ted_validation_demo.py	8677	dcd2ac87fc8fc6733e5c0b840a285276142842559d5c26fe4c0e9bafc962058f
scripts/run_zscape_repeated_holdout_stability.py	25687	b4f9d9a7c5bcfae125c4539e51120d910af8c9911fedd374d0825d6d4c77de0a
scripts/scp1064_utils.py	51822	da17a8a48c72252c46aab009167008705e65734eaca16ca2f9cd53098fdf1477
source_data/bombyx_method_comparison_summary.tsv	7076	1e77858db23f7bd0b5e172e50f7ef18be315b9db9dc29eb2daa4c0dfda3b5d8e
source_data/bombyx_spatial_pathway_localization_summary.tsv	1907	bbf14c7a3d3308ef5e30fd5986b7c8149cfb9b06d1b27bf7aabbcd1836b98152
source_data/gse123013_root_fate_event_table.tsv	2444	109255b0a7bdbdf437cb64b7bce5d32eab1e793c828b7d7081469778b7197263
src/lib.rs	27171	84e53efc3302b984d6fc49207bea1b904bef7a74ccb92956d7c968a43e3e864f
tables/availability_accession_audit.tsv	1245	f55a1013d2bf81c66caf8e9970cef4f5a2fca2bce550d4654ea734487fc0ef01
tables/baseline_score_vs_event_comparison.tsv	4798	4c23d415e623072553f7cff98801dec538649169d26be4607b809c299668c28a
tables/benchmark_audit_table.tsv	2847	6603292325ee87c0b6edda70e26d58b84499e32add76a39afdcabb31c7c35b4f
tables/benchmark_compact_table.tsv	1856	7f7cb150220b359061d6372aff128452159c4bbf1798d845a2abbc36a75499bc
tables/benchmark_non_circular_evaluation_table.tsv	909	4ea68efb1f3d919e27e9dc9916ee75f8ce61579d9f670870780467ab5d5f2a8e
tables/candidate_download_manifest.tsv	22999	6a76154f79ed6299a55127ea870a3b8223ba0ba8e2dfe430c29d1b02a4f45581
tables/claim_boundary_curated_truth_set.tsv	2986	783595acf4964e265e62ace9c47e478a0bbae2559c8fd5e4551b4d089d963d87
tables/claim_boundary_mapping.tsv	1455	efcd8ee7a0cc3e9d979c63748a5a2c84e916453fd7ed5ae4a459f326643c66a6
tables/cross_dataset_portability_table.tsv	1855	829296bb5bf7a4de2954f6aec7ce3a8932c4e43006e311e2a1ba8d6f6fe43e2c
tables/dynamic_pathway_event_table.tsv	39451	525cd4f33c427a2694105ad28c745f7275ff38dc2035480fdfb237ed13157916
tables/event_calling_rules.yaml	2531	4fb559438f367acd49add64f457bcd68075873e4fe8d7be00651c4091568e62d
tables/event_robustness_summary.tsv	1063	9f913b2c721445f9fbe9d259fa19077bab908f915f2b89b4d95acabef50569c8
tables/event_type_definition.md	2457	48ca4a1a42e7f9e9705fafe4a7345a2e89d7318cb4c412d28e092a7ee37869de
tables/expert_composed_baseline_metric_summary.tsv	489	bfeee11fb607a92ad3101a6e48f1b1490ce825b5b188305ea95148b3d17a36ce
tables/figure_export_audit.tsv	2648	63a1bc86f711cedfcdaabf894df04bd2cd23c38927c5af0ae2ada868a140669d
tables/gata1_axis_direction_consistency.tsv	3073	7e47a676264ce96e38574b0454804b7a939ada69ed5b7f353b03eab14d5ceb42
tables/gata1_claim_boundary_decision.tsv	293	a28c1ddad75a7295b0d3bb416dd50b325c4340cc10220244af2abef9f1283720
tables/gata1_cross_dataset_support/gata1_axis_direction_consistency.tsv	3073	7e47a676264ce96e38574b0454804b7a939ada69ed5b7f353b03eab14d5ceb42
tables/gata1_cross_dataset_support/gata1_claim_boundary_decision.tsv	293	a28c1ddad75a7295b0d3bb416dd50b325c4340cc10220244af2abef9f1283720
tables/gata1_cross_dataset_support/gata1_cross_dataset_support_summary.tsv	393	ace5d9d74c0049adb7356cce91d2410d84d079110dd205706c3ba6fe68a2a658
tables/gata1_cross_dataset_support/gata1_negative_control_comparison.tsv	2662	cd127d912914a813f8d8608df74f189e7a4192ab52d6c03c23d4952b8276dd0a
tables/gata1_cross_dataset_support_summary.tsv	393	ace5d9d74c0049adb7356cce91d2410d84d079110dd205706c3ba6fe68a2a658
tables/gse153056_claim_boundary.tsv	250	0d9be417aca5d788f6f6a6ea93f23476802b372acba1c6190de3a8351326a2ad
tables/gse153056_pdl1_outcome_alignment.tsv	5547	89d0f2e33d975e30725267c977490ad4415c3b3184287f6d602669b970400c49
tables/gse157977_locked_validation_results.tsv	22134	89aa2d8f4183c4721630ebb947d91c43e9aaacd5283dd67762f10ebd37422444
tables/gse93735_claim_boundary.tsv	204	1baed4b317c7c966b06a1f055750e34d5360bb5700f7e9c72c3373bba77b8fd7
tables/gse93735_reversal_index.tsv	783	afda14dcf6887ce3394641a389a16d67dc2756d3c61ad58a896a37896ec00f48
tables/hard_benchmark_method_task_coverage.tsv	1350	5919c10e4b05a4f90b6c52ed1c47678554f6354c89c35607231b8393c601c3a2
tables/known_source_boundary_mapping.tsv	895	fd1fea1083f7f62adeb170896beb4bfec50c5cb66b7dacd7485ac7a83aabca9b
tables/known_source_validation/gse153056_claim_boundary.tsv	250	0d9be417aca5d788f6f6a6ea93f23476802b372acba1c6190de3a8351326a2ad
tables/known_source_validation/gse153056_negative_control_results.tsv	220	48f419192ac7b6e3403339ff0d14e5d30757353d6c3ad38c3526a21093de0543
tables/known_source_validation/gse153056_pdl1_outcome_alignment.tsv	5547	89d0f2e33d975e30725267c977490ad4415c3b3184287f6d602669b970400c49
tables/known_source_validation/gse153056_ted_event_scores.tsv	4589	44ba2ea4ff0feeb2bc7f211d9277165a513cb5cf857e468da808f14749bebcf0
tables/known_source_validation/gse93735_claim_boundary.tsv	204	1baed4b317c7c966b06a1f055750e34d5360bb5700f7e9c72c3373bba77b8fd7
tables/known_source_validation/gse93735_dex_reversal_event.tsv	378	5ecceb7d87fa219cae8200e2f29b41b0879c128120dfb9444d4d026e47c47e70
tables/known_source_validation/gse93735_lps_activation_event.tsv	300	009c95670c3e5fd36becae0ab7865d997193522eefb7c51643a35ca7d604e367
tables/known_source_validation/gse93735_negative_control_results.tsv	497	03e05ac42f8938bb3bc16ec57be628881593257ac4b738f14e732c3129bfb67a
tables/known_source_validation/gse93735_reversal_index.tsv	783	afda14dcf6887ce3394641a389a16d67dc2756d3c61ad58a896a37896ec00f48
tables/known_source_validation/scp1064_claim_boundary.tsv	550	c3aa5e9b782bb34b340b887e1c119d5ce2c686c5eb247b6d5441f591d4fe60bc
tables/known_source_validation/scp1064_lightweight_shuffle_summary.tsv	8548	b01f9a0edb8911f75bcf31c12e4b713d3270a7bf9c371cb5c68ed87bf49c3e59
tables/known_source_validation/scp1064_metadata_candidate_card.tsv	485	89954fb3b4108ea014196ea03d17cc3ea905d55dc01ebd2f9ea186a362f58709
tables/known_source_validation/scp1064_outcome_alignment_summary.tsv	4284	7214fb702cb0418c0389f075b445d2c7a10d7d4674d591fdbcf0403cf687007b
tables/known_source_validation/scp1064_specificity_summary.tsv	502	f0df40ba4bed46dd173fd787c93661fdf51669581cec8ba29bee542b9db46c12
tables/known_source_validation/ted_dataset_level_claim_boundary.tsv	832	740aa0914aa092a9546fd50275adfe965856bcadcaa53fab00d9d6bf2dfd4323
tables/known_source_validation/ted_event_recovery_summary.tsv	6214	44fe4004ff331a066214939294ecbf0853006d472220ab5fa94338f1dbd291bf
tables/known_source_validation/ted_negative_control_summary.tsv	1024	7d1f7313d10e0a0eebda0bc64359140528c2e0896325a53e5263556999c60b1f
tables/known_source_validation/ted_outcome_alignment_summary.tsv	11848	a9f31da4dfb13448405ac5a95fbd7fce8188419586ca9947a2d8023732c0e6e2
tables/known_source_validation/ted_specificity_summary.tsv	1013	543b3185ef20ea3bd01a7adc9c7d00a6144c4d9eb72519445b1a3b6a2118d080
tables/known_source_validation_summary.tsv	801	326d62fc6daa7964529b691644b6e29f6f722bb43d7b6b0aea3fbfa25be69820
tables/parameter_sensitivity_and_multiverse_summary.tsv	7940	aadd4c4d3b4efef3ee497bf501adabc3831de0d4ee0390ffc6d8bae025b4f10a
tables/release_audit.tsv	1559	ba3cb781b6b1d5226da48aadc313b9bfc11661c69cff616f0ab4ca2f8286f88c
tables/release_candidate_audit.tsv	1559	ba3cb781b6b1d5226da48aadc313b9bfc11661c69cff616f0ab4ca2f8286f88c
tables/scp1064_claim_boundary.tsv	550	c3aa5e9b782bb34b340b887e1c119d5ce2c686c5eb247b6d5441f591d4fe60bc
tables/scp1064_lightweight_shuffle_summary.tsv	8548	b01f9a0edb8911f75bcf31c12e4b713d3270a7bf9c371cb5c68ed87bf49c3e59
tables/scp1064_outcome_alignment_summary.tsv	4284	7214fb702cb0418c0389f075b445d2c7a10d7d4674d591fdbcf0403cf687007b
tables/scp1064_results/protein_marker_summary_by_guide.tsv	2763878	0fb69289aace377863163ff1385b0fc84b1b565454e47126d2a07d38947859b2
tables/scp1064_results/protein_marker_summary_by_target.tsv	895865	d962a64cdd32c11aaad2481564b018b699a864f53f7ee0403fa2dcc549cc4bf4
tables/scp1064_results/protein_qc.tsv	122	ba5420b723dbf117c109d467b2920d15da23917d45b5c1413ff650f736e2bc26
tables/scp1064_results/scp1064_author_effect_alignment.tsv	1588	adf2cbdfac0d7155d935733f4e2fd5c489a5081369d1267e30558b3dad4d6c9a
tables/scp1064_results/scp1064_author_effect_summary.tsv	392	9fc990e94b655d0d25add1dbc9fdfcd06a74727d4e1c91bc25bd6b63fdfde740
tables/scp1064_results/scp1064_claim_boundary.tsv	550	c3aa5e9b782bb34b340b887e1c119d5ce2c686c5eb247b6d5441f591d4fe60bc
tables/scp1064_results/scp1064_claim_boundary_report.md	362	58294dd6a3fc3f26cf2243403bba7b4ed3a1f454828e63d3379a11f23ca84498
tables/scp1064_results/scp1064_event_protein_cell_level_alignment.tsv	1421	e622ed330546b0befe67ecceb04883a42a82358ff43cbba5b56991c83fd603e2
tables/scp1064_results/scp1064_event_protein_guide_level_alignment.tsv	1252	9fd6fa952e3883d96b19c1215b30a52bca1d778f3131bd02118204a3bf886b5b
tables/scp1064_results/scp1064_event_protein_target_level_alignment.tsv	1259	30509fbb43b404c459aceb1099e0f4344ac94e2b4a46fc175a61cb5b4e61e831
tables/scp1064_results/scp1064_event_recovery_summary.tsv	470	704a279d89fb54701b20f62c619a94811ed8ea49a954fa08ff8cef729ad2a405
tables/scp1064_results/scp1064_guide_level_event_scores.tsv	899567	641b9d11c2b484d47f03e75f5e22f5ef5c5192ca71dde2c625c095f5198251f3
tables/scp1064_results/scp1064_lightweight_shuffle_summary.tsv	8548	b01f9a0edb8911f75bcf31c12e4b713d3270a7bf9c371cb5c68ed87bf49c3e59
tables/scp1064_results/scp1064_negative_control_alignment.tsv	3211	ecf86fcdd24a0c25a2974f84875a61878c2b94d66cb8f4fed0808c8956c037c1
tables/scp1064_results/scp1064_outcome_alignment_summary.tsv	4284	7214fb702cb0418c0389f075b445d2c7a10d7d4674d591fdbcf0403cf687007b
tables/scp1064_results/scp1064_specificity_summary.tsv	502	f0df40ba4bed46dd173fd787c93661fdf51669581cec8ba29bee542b9db46c12
tables/scp1064_results/scp1064_summary_report.md	384	dd86c1c9e6cad31d808d130e28aaa9d2d2b68659a7803e1cb23da872fb594bb6
tables/scp1064_results/scp1064_target_level_event_scores.tsv	292935	bf90573f5cc36be802d386b0de5b22fbac076d4f78d402f2d5391dfe237d92d1
tables/scp1064_specificity_summary.tsv	502	f0df40ba4bed46dd173fd787c93661fdf51669581cec8ba29bee542b9db46c12
tables/ted_algorithm_default_parameters.tsv	3224	ada0b319ff30fb60f811ec7fd84cc48bee4a27103dccb971319d55a073075c2d
tables/ted_claim_gate_decision_table.tsv	1939	14888ba6da1afcfc7ad2c43130d1b7c6e890ab901c5fbbc58263d803532d9374
tables/ted_dataset_level_claim_boundary.tsv	832	740aa0914aa092a9546fd50275adfe965856bcadcaa53fab00d9d6bf2dfd4323
tables/ted_object_schema_maintext.tsv	2633	e28206b6fdb2977daeddb95e8a935cc062c445e8cade9b3d47f85cfec9389f9b
tables/ted_specificity_summary.tsv	1013	543b3185ef20ea3bd01a7adc9c7d00a6144c4d9eb72519445b1a3b6a2118d080
tests/golden/example_evidence.yaml	2965	ff8c7cb8749fc46b2595e1b8061b7fbec40983c525b7bf383d3248dabcf4adac
tests/golden/example_experiments.yaml	2305	10e52db35cdf48686d21472a1677ece451150391c178c5b1bdf2ebdc708b7642
tests/golden/example_hypotheses.yaml	2159	b9be88d1cc9e1caa5469baf996a684a8ca93913d8ce99d24cb8e5a25935c16ea
tests/golden/expected_claim_ceiling.json	798	fa3e65d6c650c13c19a17a1e1dcaaa15e15ffa0d45e58d741b9aee4194e2c4a9
tests/golden/expected_design_rank.csv	685	40616c9e11b1ad496c424d3718e447aeec241cd324bb2b6ab712e86bd57c519d
tests/golden/expected_posterior.csv	966	9e6aca6d5461801653cad89d13918518663d3da0e5c27ae240b2d5da3a018591
tests/golden/expected_report.md	7134	af03e27a0a7eb3d26f21fea16bdf6d490d2af3bac53250b53a2912d1f8f75f8b
tests/test_boundary.py	1830	ce22d367aa30f17bb7331f9ad1115716b15b7515692644f1a2d451e619f449c2
tests/test_calibration.py	17897	fba9f61e2193c7c2953836338e1af1e21454b4f72bd5d5f719541258a2f0dd24
tests/test_design_diagnostics.py	2149	4aa3971047790830ead31543286f688c6cd12bbeb379c93353177b836eccd6f0
tests/test_performance_benchmark.py	3271	d30bfbd7ccc4934064fb57d92d158539820fe40e008d516ef2222a8c97336a4d
tests/test_reliability_benchmarks.py	8896	8f5ef344ed89aaac4f1d842cd248225df04efd140033e890691b93681fed93c4
tests/test_result_object.py	3247	276397289f98db55becb7898950bad9e89b175e2aae7b5436a3388ee2058cbc0
tests/test_scp1064_cell_alignment.py	1751	1cb6978db0222096c335cf2409a21138b23625bcc347f2b0e3a3a22e2268ce12
tests/test_scp1064_claim_boundary.py	1530	949f678502dcd49c5da018b836b0a5f1ce47b50b1a0d5d9f40ac7a6639001c49
tests/test_scp1064_event_outcome_alignment.py	1928	c720599c42bc5e49ef325dc453feefce969969534c59b4915edd0265ea903fc6
tests/test_scp1064_file_qc.py	2076	223585f65606d1a0ae1086946e43ffe11e3d521718d7c0b8176ecb455faef5d0
tests/test_scp1064_ted_inputs.py	1604	f2b46a1165a125ed2c68a737ae49fa39be41ef991c375f47c3fd4a23414f0ec5
tests/test_smoke.py	2076	6fa96baae517ebdcef5e6cf751b17dfaade459346133e9a400be0c4a544819c2
tests/test_ted_claim_boundary.py	1540	16f69dcd0e5ce0e29fc3b1aa4a19b73b36a3ada75cfd87e84a623b23735b4a81
tests/test_ted_dataset_registry.py	1381	d885993ff8e6b15eb58e4a9eb1eb354924470ebad6923d4d7ea532236478fac2
tests/test_ted_developmental.py	5837	356c3ec44ebd8f3052d2c49d9f76a0519f61d01488368a7e6bb0f8076dc16ace
tests/test_ted_evidence.py	9549	4202318bd9595dd0130e3750ea5a21d39dbd1df2cb156d7148515dd2f4f20167
tests/test_ted_known_source_validation.py	2085	ec2fd173903c69ba965d97f1e491654acfc6508e25d468ec7ce963f945024aa1
tests/test_ted_mad.py	30910	9f98e8f32384eb0baac851030fcc0c05b44748aec209eb4c33bd4b3f308a5628
tests/test_ted_perturbation.py	5118	ea4626010d998965b85143a83a66c1ebfd46639132960f05d628c22f1183897a
tests/test_ted_preprocessing_outputs.py	1951	4971469d84a3a1b42571ff9fb0795e39cef4069327603dbbf529ffe87bf4d4ef
tests/test_ted_reliability.py	10615	80e6c8aab8e76818d4e8d22e98349eeff27565b33d9a4368eeba5f1a814d2e86
tests/test_ted_schema.py	9781	a508d75a477c69d6c2d412f9d2ff8af544e4857bd4a3e723b6e20d244df7d516
tests/test_trajectory_features.py	42927	d5c21887ce8186ca829f0b8a9ff64d13ad8eca9384b8b6c790dde93d6304357d
