pattern,pt_mid,latent_signal,NES_current,padj_current,NES_weighted,padj_weighted
monotonic_up,0.1773897192031145,-0.44863869376154714,-2.4169745178781468,3.6831895803614807e-07,-2.421283688999275,3.0201690096217536e-07
monotonic_up,0.19579090248048306,-0.4462753076367696,-2.4139514102885555,1.5099364718234462e-07,-2.418255191577137,3.6123590115083717e-07
monotonic_up,0.2108428089618683,-0.44369859091741876,-2.419997625467738,1.6446464903880854e-07,-2.424312186421413,1.525035836541679e-07
monotonic_up,0.22445784997940063,-0.44060362488251953,-2.4290669482365117,1.6848342235327878e-08,-2.4333976786878266,9.808737855814655e-09
monotonic_up,0.23808298605680467,-0.4367124030856824,-2.4396478248000806,2.2898155301287035e-09,-2.443997419665309,4.498066389931579e-09
monotonic_up,0.25273283180594447,-0.4314495762469896,-2.438136271005285,3.122793282379035e-09,-2.4424831709542403,2.9644696281480736e-08
monotonic_up,0.268777245759964,-0.4243913297699707,-2.438136271005285,4.25428486714612e-09,-2.4424831709542403,1.1928300816033443e-09
monotonic_up,0.2863730906546116,-0.41458414499390633,-2.433601609620898,1.0307221132200583e-08,-2.4379404248210337,1.1454792567617458e-07
monotonic_up,0.3065762624144554,-0.39992971577290976,-2.438136271005285,9.914601392327566e-09,-2.4424831709542403,1.885718304030929e-08
monotonic_up,0.32948115104436876,-0.3786124212227604,-2.4351131634156937,4.312428818523429e-09,-2.4394546735321025,2.1336917439835647e-09
monotonic_up,0.35470009341835973,-0.3498036844241836,-2.4351131634156937,4.413483178654267e-09,-2.4394546735321025,2.067844841484053e-09
monotonic_up,0.38087965828180315,-0.31542971878285725,-2.433601609620898,1.448321059637128e-10,-2.4379404248210337,6.051530270732367e-10
monotonic_up,0.40682503187656405,-0.2778347711005687,-2.424532286852125,6.240853617745209e-09,-2.4288549325546196,7.014477154253086e-08
monotonic_up,0.4314547888636589,-0.23856131033303085,-2.401858979930191,1.809481461337136e-08,-2.4061412018885853,2.3254516652686862e-08
monotonic_up,0.45441700142621994,-0.19884395615740993,-2.3776741192134616,1.3872490539244944e-07,-2.3819132225114816,1.3007658605796674e-07
monotonic_up,0.47523720198869707,-0.15919130934179795,-2.3474430433175497,4.87058159574893e-06,-2.3516282482901025,7.125480482669732e-06
monotonic_up,0.4940602997541428,-0.11995755235561413,-2.2265187397339026,0.00024727804666120124,-2.232002600115654,0.00037000122537453843
monotonic_up,0.5102305881381035,-0.08278282176774447,-2.0556261371179687,0.009779175715128157,-2.060805316807988,0.013259899274750046
monotonic_up,0.5230152608156204,-0.049921072184460485,-1.782344511189186,0.07552578435615095,-1.7915792091655003,0.07295104170764581
monotonic_up,0.5323066254854202,-0.023287572034365146,-0.7792383576790645,0.9108910891089109,-0.7942558831408979,0.9108910891089109
monotonic_up,0.5385711268186569,-0.0036883580944701033,1.1308997592230234,0.6534653465346535,1.1272333186298142,0.6633663366336634
monotonic_up,0.5429300777912139,0.010671559444385553,1.624763782219279,0.3099696108224684,1.6194962067008285,0.43995686697382613
monotonic_up,0.546243482708931,0.02188798884881717,1.9470992248939862,0.1287371324252573,1.9407866197502182,0.12407567024463033
monotonic_up,0.5489685533046722,0.03127395664176665,1.9869639826237042,0.14022250404358907,1.9805221336943692,0.13512350389654948
monotonic_up,0.5513937456607818,0.03971005342902716,2.026197155113988,0.0862538787249224,2.019628110033937,0.08496650740066983
monotonic_up,0.5535187532901764,0.047171827037311855,2.1321751758664775,0.037053350887150796,2.1252625440855666,0.038353468462138544
monotonic_up,0.5553357846736908,0.0536096435176548,2.2170195190141606,0.010773668160734412,2.2098318171032187,0.009944924456062534
monotonic_up,0.5570326327085495,0.059657294854328045,2.167020342509482,0.025275058004836055,2.1599947407394846,0.04833984375
monotonic_up,0.5586598181724548,0.06548413351560402,2.2186735232730865,0.0322265625,2.2114804589873573,0.026851296031368845
monotonic_up,0.5602430657148362,0.07117755759976505,2.288094012482272,0.0322265625,2.280675883068037,0.0322265625
monotonic_up,0.5618001945018768,0.07680212436603283,2.3409783975274445,0.0014870464473097807,2.333388813963984,0.0023474120530849194
monotonic_up,0.563333609342575,0.08236311678109304,2.428785796726989,0.0007182376727858687,2.420911536639209,0.0005220314318403137
monotonic_up,0.5648407248258591,0.08784584795366768,2.4238155665836185,0.0005330215672474782,2.4159574202613663,0.0010011797863075744
monotonic_up,0.5663299572467804,0.09328403994475803,2.4254723099647415,0.0003901498069543397,2.417608792387313,0.0008379439515835134
monotonic_up,0.567819827079773,0.09874099205758896,2.475174611398445,0.00027747371572544016,2.4671499561657417,0.0001387093852175986
monotonic_up,0.569299899339676,0.10417785280475701,2.5232201694510255,4.3864294035208174e-05,2.5150397478182227,6.933388412016776e-05
monotonic_up,0.570752803683281,0.10952814719916233,2.456950434206088,0.00029673365599344146,2.448984862780319,0.0003351991299185172
monotonic_up,0.5721693630218506,0.11475729591488763,2.4387262570137285,0.00030222872369702373,2.4308197693948936,0.00035168433302926395
monotonic_up,0.5735656807422638,0.11992363202163608,2.488428558447433,0.00014151159501997446,2.4803609331733227,0.0001232972313045321
monotonic_up,0.5749505865573883,0.12505947831382794,2.5149364525454083,4.2449316808265975e-05,2.5067828871884847,9.807734308315053e-05
monotonic_up,0.5763075245618821,0.13010389784075663,2.5232201694510246,2.7150751146673072e-05,2.515039747818222,2.914012506970075e-05
monotonic_up,0.5776537510156632,0.13511991506184326,2.5298471429755187,1.7137231540598088e-05,2.5216452363220125,1.7498015362505417e-05
monotonic_up,0.5790652668476105,0.14039058293756276,2.5596685238357426,4.553547365812909e-06,2.5513699345890717,2.7137302483127436e-06
monotonic_up,0.5804913299083709,0.14572733915713434,2.5629820105979886,7.742563702813199e-06,2.5546726788409657,5.009894160643836e-06
monotonic_up,0.5819374324083328,0.15114918398759103,2.5679522407413597,3.081693671812777e-06,2.5596267952188096,2.9897028159377685e-06
monotonic_up,0.583407318353653,0.15666942141133883,2.591146648077087,2.652542147064418e-07,2.5827460049820745,2.5118237307745305e-07
monotonic_up,0.5849280633926391,0.16238860850376727,2.597773621601581,6.098395862565728e-07,2.5893514934858657,1.0642298662124518e-06
monotonic_up,0.5865214339494705,0.16838894783465866,2.6126843120316923,1.3240070396067542e-07,2.6042138426193944,4.803391964325483e-08
monotonic_up,0.5882393734455109,0.17486746289709554,2.601087108363828,6.215672706076608e-07,2.5926542377377606,1.2314023479506061e-06
monotonic_up,0.5900810403823853,0.18182131666930898,2.6159977987939387,1.5099364718234462e-07,2.607516586871289,1.0622847178240238e-07
monotonic_up,0.5920021827220917,0.18908247316789029,2.601087108363828,7.974825358739799e-07,2.592654237737761,6.337548641489882e-07
monotonic_up,0.5939756060838699,0.19654710502981287,2.569608984122482,1.989188408227902e-06,2.5612781673447556,1.989188408227902e-06
monotonic_up,0.5959716556072235,0.20410284494309117,2.5315038863566435,2.322103716491776e-05,2.5232966084479616,1.767840727345908e-05
monotonic_up,0.598046440243721,0.21196016323889255,2.534817373118889,2.950437663307201e-05,2.5265993526998556,2.440485474587438e-05
monotonic_up,0.6003068634271622,0.22052089633402638,2.54475783340563,4.669424848909258e-05,2.5365075854555417,3.891187374091048e-05
monotonic_up,0.6028330242633819,0.23008306919132357,2.5530415503112476,1.27476950407256e-05,2.5464158182112273,1.6956839629644425e-05
monotonic_up,0.6055612564086914,0.24040064318082813,2.5546982936923706,5.8721554918101266e-05,2.5497185624631222,5.801406630463017e-05
monotonic_up,0.6085072658061981,0.2515244298438109,2.5530415503112467,5.8721554918101266e-05,2.548067190337174,2.072031008561892e-05
monotonic_up,0.6119022907018662,0.2642945014533909,2.5563550370734944,1.2988217588663814e-05,2.5513699345890695,1.551370434201511e-05
monotonic_up,0.6158285541534424,0.2789748323641172,2.591146648077087,2.9437073880002643e-06,2.5877001213599176,1.0437639072468266e-06
monotonic_up,0.6219206821918487,0.3011433204147154,2.611027568650569,2.164718303926134e-07,2.6091679589972374,1.2316344554481435e-07
monotonic_up,0.6339157146215438,0.34008269758328796,2.6259382590806797,1.6722298157080697e-06,2.6207275638788703,2.437757680687719e-06
transient_pulse,0.1773897192031145,-0.1456925899515981,-2.1388486196357586,0.010276421937931286,-2.1426619261625857,0.010939416901668789
transient_pulse,0.19579090248048306,-0.14569258995159542,-2.1539641575837143,0.005021694527318706,-2.1578044132732748,0.006779287611880255
transient_pulse,0.2108428089618683,-0.14569258995142337,-2.1569872651733055,0.00769993160855535,-2.160832910695413,0.00736515197340077
transient_pulse,0.22445784997940063,-0.14569258993598524,-2.1224003822170965,0.00861893452858753,-2.1275194390518957,0.011436663124471915
transient_pulse,0.23808298605680467,-0.14569258766940826,-2.158498818968101,0.003403592957404901,-2.163861408117551,0.003738372592559482
transient_pulse,0.25273283180594447,-0.14569243933323595,-2.2234956321443113,0.0007255637254989751,-2.2274598539824475,0.001549598806284816
transient_pulse,0.268777245759964,-0.1456820252662134,-2.228030293528698,0.0010954589581062956,-2.232002600115654,0.0010243252595279646
transient_pulse,0.2863730906546116,-0.1453583826754011,-2.2386111700922675,0.0006537257328753142,-2.242602341093137,0.0012234996155472912
transient_pulse,0.3065762624144554,-0.13548558563645355,-2.1751259107108525,0.003682575986700385,-2.1805181439393095,0.0030130167163912244
transient_pulse,0.32948115104436876,-0.071636878969087,-1.9503359196370618,0.04333725249959158,-1.9568416284072019,0.03943689977462834
transient_pulse,0.35470009341835973,0.05732636510878195,1.5266997077601747,0.37996274875012254,1.5217500614838166,0.4199588275659249
transient_pulse,0.38087965828180315,0.1798845321374999,2.161178037740528,0.014005226946402662,2.1541713770510182,0.014661721959515287
transient_pulse,0.40682503187656405,0.2768666913322298,2.584519674552593,3.2792034506032377e-06,2.5761405164782842,1.071740176842358e-05
transient_pulse,0.4314547888636589,0.35377188623732536,2.688894507563371,3.669374059922539e-12,2.680176960412984,9.376298909806701e-12
transient_pulse,0.45441700142621994,0.41915602458106055,2.7054619413746055,9.948370726207633e-16,2.6966906816724605,1.8630931026702057e-15
transient_pulse,0.47523720198869707,0.4735138278705129,2.7104321715179758,2.245116487620538e-22,2.7016447980503036,2.0731392679580712e-22
transient_pulse,0.4940602997541428,0.517719825798212,2.7087754281368523,1.922768451018766e-16,2.6999934259243554,1.9046602494972497e-16
transient_pulse,0.5102305881381035,0.5560764033091886,2.7087754281368523,3.020994415762228e-18,2.699993425924356,7.759308407427831e-16
transient_pulse,0.5230152608156204,0.5808720420213087,2.7087754281368523,4.65555503550807e-16,2.6999934259243554,1.7374629373652826e-15
transient_pulse,0.5323066254854202,0.5483773282835106,2.708775428136853,4.626312825279039e-15,2.6999934259243563,5.428516185036421e-16
transient_pulse,0.5385711268186569,0.4475435927672417,2.6839242774200005,2.3053932795786927e-10,2.6752228440351415,1.120724629481111e-10
transient_pulse,0.5429300777912139,0.35032050877980936,2.649132666416408,7.166965788041197e-08,2.6405440293902416,1.2230485421769915e-07
transient_pulse,0.546243482708931,0.2764920545324056,2.571265727503605,7.01385182490137e-06,2.562929539470703,1.8934076457548326e-05
transient_pulse,0.5489685533046722,0.22029021178030808,2.5116229657831606,0.000103681762687902,2.503480142936589,0.0001275005460080957
transient_pulse,0.5513937456607818,0.17379585493086844,2.4997958720121662,7.986297936770829e-05,2.491691393268463,0.0001859073895360449
transient_pulse,0.5535187532901764,0.1365729952024695,2.3259427400255364,0.010043389054637412,2.3184019029089304,0.008029739268930408
transient_pulse,0.5553357846736908,0.10795155277393,2.331598741576867,0.004310702133846852,2.3240395673852783,0.002987615340289897
transient_pulse,0.5570326327085495,0.0833619508298114,2.275986955622811,0.011884677047987605,2.2686080779675155,0.0322265625
transient_pulse,0.5586598181724548,0.06147713091824012,2.0516153177088534,0.08056640625,2.044963865516782,0.06565593753688123
transient_pulse,0.5602430657148362,0.04168358559587598,1.9670388173714999,0.04833984375,1.9606615669480105,0.0322265625
transient_pulse,0.5618001945018768,0.023800135883461488,1.9381894336400856,0.08496650740066983,1.9319057145404286,0.0985806695094323
transient_pulse,0.563333609342575,0.007587700756126014,1.5839763742476427,0.37496323889814726,1.5788410337987104,0.3399666699343202
transient_pulse,0.5648407248258591,-0.007264138919536874,1.5116973578649537,0.27997255171061664,1.5067963500503168,0.26497402215469074
transient_pulse,0.5663299572467804,-0.020648968754478646,0.7838638660254459,0.9207920792079208,0.7813225353066914,0.9207920792079208
transient_pulse,0.567819827079773,-0.03301417412122938,-0.9328118882612821,0.7920792079207921,-0.9405319730639368,0.7920792079207921
transient_pulse,0.569299899339676,-0.044321314362038185,-1.2300784037715424,0.4499558866777767,-1.2413569759794485,0.454955396529752
transient_pulse,0.570752803683281,-0.054609982889636886,-1.668620613973191,0.1359733372543894,-1.6746240586728722,0.15297000441118808
transient_pulse,0.5721693630218506,-0.06387101109647954,-1.6877743486669963,0.1376730039700693,-1.6953261908533306,0.11897667009759072
transient_pulse,0.5735656807422638,-0.07228693866334834,-1.8547906741383628,0.05135464421201603,-1.8641545347975716,0.05135464421201603
transient_pulse,0.5749505865573883,-0.07994143692217798,-2.008174391885281,0.012431155570078168,-2.0132689708942872,0.016409125352503183
transient_pulse,0.5763075245618821,-0.08672575816695154,-1.9567431015370622,0.021007840419603994,-1.9617459848209162,0.02199258293927293
transient_pulse,0.5776537510156632,-0.09280281780900485,-1.965992135128991,0.01739711784748456,-1.9694972596019207,0.019366602886822428
transient_pulse,0.5790652668476105,-0.09853599095470474,-2.063643401228464,0.004352135257009546,-2.067322626012632,0.0037612989207095075
transient_pulse,0.5804913299083709,-0.10367498182940993,-2.1539641575837143,0.0017498889850269398,-2.159318661984344,0.0014938076701449484
transient_pulse,0.5819374324083328,-0.10833238936107535,-2.1932645562483994,0.0004026483923193506,-2.197174879761068,0.00048426630968138114
transient_pulse,0.583407318353653,-0.11256472041549359,-2.2476804928610408,3.219073191293503e-05,-2.2516878333595507,4.2733699486229876e-05
transient_pulse,0.5849280633926391,-0.1165127048420499,-2.2567498156298145,7.630527182449604e-05,-2.260773325625965,0.00012070106634056646
transient_pulse,0.5865214339494705,-0.12021192994884274,-2.286980891525726,1.1967765308073e-05,-2.291058299847344,1.1967765308073e-05
transient_pulse,0.5882393734455109,-0.12369531952519619,-2.2491920466558364,0.000153861895700303,-2.2532020820706196,0.00017309463266284086
transient_pulse,0.5900810403823853,-0.12692303689527504,-2.2748884611673614,3.993148968385414e-05,-2.278944310158792,2.263963563107519e-05
transient_pulse,0.5920021827220917,-0.12984709534570152,-2.3187235212164334,8.749007681252709e-06,-2.3228575227797923,8.117635992914885e-06
transient_pulse,0.5939756060838699,-0.1324589676776661,-2.290003999115317,1.910219256371969e-05,-2.294086797269482,1.874844825698414e-05
transient_pulse,0.5959716556072235,-0.13468466216721398,-2.2627960308089965,5.114032889335707e-05,-2.2668303204702402,5.6044196047514595e-05
transient_pulse,0.598046440243721,-0.13660664717882642,-2.1942779953129667,0.0007758503203355377,-2.1981901256640266,0.0007866260192290869
transient_pulse,0.6003068634271622,-0.13830200334643625,-2.212529570001835,0.0011310258073954612,-2.216474240687095,0.0006465419336129481
transient_pulse,0.6028330242633819,-0.13979559708079534,-2.2310534011182894,0.00024727804666120124,-2.2350310975377923,0.00025277311436478346
transient_pulse,0.6055612564086914,-0.1410892559616051,-2.299073321884091,9.989053766115844e-05,-2.3031722895358957,0.00011931369776193925
transient_pulse,0.6085072658061981,-0.1421807480126234,-2.2839577839361347,0.00020881257273612549,-2.2880298024252057,7.491790324586885e-05
transient_pulse,0.6119022907018662,-0.14304916426916683,-2.286980891525726,5.254143379454493e-05,-2.291058299847344,5.254143379454493e-05
transient_pulse,0.6158285541534424,-0.14372201415006453,-2.2522151542454276,0.00015660942955209408,-2.2562305794927577,0.00020881257273612549
transient_pulse,0.6219206821918487,-0.14425937676386813,-2.1872183410692174,0.001109685697821962,-2.1911178849167925,0.0005926634391452025
transient_pulse,0.6339157146215438,-0.1446930925625259,-2.1237330816878024,0.005858643615205158,-2.1275194390518957,0.008950432010456281
mixed_biphasic,0.1773897192031145,-0.01650711195156462,-0.9856826987646992,0.7722772277227723,-0.9995540406258512,0.7623762376237624
mixed_biphasic,0.19579090248048306,0.009402888366466031,0.6856732645717203,0.9900990099009901,0.6834502733026875,0.9900990099009901
mixed_biphasic,0.2108428089618683,0.051943852461690525,1.4782225664864486,0.504950495049505,1.4734300858272542,0.5346534653465347
mixed_biphasic,0.22445784997940063,0.11714145713754605,2.099743559073962,0.045487120123590914,2.092936072417843,0.06865980396013724
mixed_biphasic,0.23808298605680467,0.1868245015670795,2.386099917919198,0.003403592957404901,2.3783640478501105,0.003738372592559482
mixed_biphasic,0.25273283180594447,0.2347997042677041,2.4897558406097793,0.0002692583174755302,2.481683912212285,0.0007650746214419885
mixed_biphasic,0.268777245759964,0.2553642336045217,2.5264461187006875,0.0001785897003664231,2.5182552383590697,0.00015935696340388522
mixed_biphasic,0.2863730906546116,0.25699044202439475,2.4863458059576664,0.0004189719757917567,2.4782849330842107,0.0010129156959936187
mixed_biphasic,0.3065762624144554,0.25206513931710667,2.4718751040267852,0.001109685697821962,2.463861145982463,0.0007650746214419885
mixed_biphasic,0.32948115104436876,0.2425151482897755,2.452396301783914,0.0006896447291871447,2.444445495111469,0.0009698129004194222
mixed_biphasic,0.35470009341835973,0.22698594593670682,2.460070792242437,0.00048426630968138114,2.4520951044405024,0.00047338392069977707
mixed_biphasic,0.38087965828180315,0.20107594691133224,2.4773714398471163,8.879158903214085e-05,2.469339662373087,0.00014836682799672073
mixed_biphasic,0.40682503187656405,0.15853480265800343,2.4198826898816157,0.0005890715395140194,2.4120372941667187,0.000796697424077306
mixed_biphasic,0.4314547888636589,0.09332692538825849,2.0659523261194845,0.0329363118996896,2.0592543925401867,0.027302469074742694
mixed_biphasic,0.45441700142621994,0.02355889206258152,1.046986269721242,0.7425742574257426,1.043591881378215,0.7623762376237624
mixed_biphasic,0.47523720198869707,-0.024790836802000074,-1.8574014647024593,0.04333725249959158,-1.8667699800831878,0.039870272299624254
mixed_biphasic,0.4940602997541428,-0.04627871065207128,-1.9743604650932902,0.014224058617440203,-1.9809090067012252,0.018600692038191036
mixed_biphasic,0.5102305881381035,-0.05063185864133294,-1.9513212474946606,0.024268861399771288,-1.9608572104064732,0.026435724024750862
mixed_biphasic,0.5230152608156204,-0.05098462187594465,-1.847556364529786,0.07552578435615095,-1.8569073272962713,0.07295104170764581
mixed_biphasic,0.5323066254854202,-0.05099096325643282,-1.923397970299648,0.04745429148705278,-1.9298556519877945,0.05070458542452215
mixed_biphasic,0.5385711268186569,-0.05099101271795764,-2.0056965644482694,0.022320830445829245,-2.0107867257928125,0.01574613038876568
mixed_biphasic,0.5429300777912139,-0.050991001142461495,-1.85591688786498,0.12230027580399444,-1.8652827564260637,0.11586341918273158
mixed_biphasic,0.546243482708931,-0.05099098487646599,-1.7030709269444204,0.1359733372543894,-1.7121642897774099,0.12407567024463033
mixed_biphasic,0.5489685533046722,-0.05099096338647882,-1.6383851423776894,0.20532640461379736,-1.6428204322038373,0.22215643777886274
mixed_biphasic,0.5513937456607818,-0.05099093685082467,-1.7530560317866148,0.12237600352895045,-1.7592100145500404,0.10877866980351153
mixed_biphasic,0.5535187532901764,-0.05099090407481938,-1.6700544211622015,0.16316800470526727,-1.679088919587567,0.17166633828366665
mixed_biphasic,0.5553357846736908,-0.05099086451271314,-1.6499238322768541,0.17166633828366665,-1.6543796941814086,0.16486767142094713
mixed_biphasic,0.5570326327085495,-0.05099081585287621,-1.7797778139090843,0.0951813360780726,-1.7844651896436252,0.107421875
mixed_biphasic,0.5586598181724548,-0.050990756716935516,-1.742765307172892,0.1181640625,-1.7473866941169145,0.10198000294079206
mixed_biphasic,0.5602430657148362,-0.05099068452682418,-1.6928624389757607,0.0751953125,-1.697394855185129,0.0859375
mixed_biphasic,0.5618001945018768,-0.05099059305431162,-1.6850897173449921,0.09348166936239272,-1.6896082757385922,0.0985806695094323
mixed_biphasic,0.563333609342575,-0.050990479402352344,-1.6264727876807845,0.34333267656733335,-1.6354295853629195,0.2978915870216568
mixed_biphasic,0.5648407248258591,-0.050990344712654644,-1.7836304952127922,0.08496650740066983,-1.7898389885198192,0.09269073534618526
mixed_biphasic,0.5663299572467804,-0.05099017563819252,-1.5920032852458383,0.2447520070579009,-1.6008986280043258,0.28274455717309804
mixed_biphasic,0.567819827079773,-0.050989969195550794,-1.691410368774578,0.23455400676382174,-1.7004829422528807,0.2269055065432623
mixed_biphasic,0.569299899339676,-0.05098971932555955,-1.751208583676974,0.13257400382302967,-1.7603877700876207,0.14787100426414845
mixed_biphasic,0.570752803683281,-0.05098942858904146,-1.8562982305587474,0.06823068018538637,-1.8611220328741909,0.06694330886113381
mixed_biphasic,0.5721693630218506,-0.05098909272088712,-1.7279464840058125,0.1376730039700693,-1.7325414507934087,0.11897667009759072
mixed_biphasic,0.5735656807422638,-0.0509886995386177,-1.5561317208206824,0.18849637144873202,-1.5649631089497988,0.18513036481571896
mixed_biphasic,0.5749505865573883,-0.050988233174736275,-1.6948460987599454,0.12407567024463033,-1.7039247977262595,0.13257400382302967
mixed_biphasic,0.5763075245618821,-0.050987677032528565,-1.5983889768073396,0.19522838471475815,-1.6057814557648855,0.20196039798078427
mixed_biphasic,0.5776537510156632,-0.050987005052546,-1.645539130017834,0.14447167083278875,-1.6484729258213509,0.1308743371073498
mixed_biphasic,0.5790652668476105,-0.05098613159013169,-1.6539850906799851,0.15806900455822767,-1.6584481933135158,0.14447167083278875
mixed_biphasic,0.5804913299083709,-0.05098503120177908,-1.8069581969289779,0.06436856621262865,-1.8101797832641655,0.04977835787109949
mixed_biphasic,0.5819374324083328,-0.05098366741241198,-1.8325146631042706,0.04333725249959158,-1.838810310927409,0.04462887257408921
mixed_biphasic,0.583407318353653,-0.050981983734075885,-1.6983701502175075,0.10198000294079206,-1.7029123860050508,0.10028033622511218
mixed_biphasic,0.5849280633926391,-0.05097989248360151,-1.6438400640102293,0.16316800470526727,-1.6513135767192482,0.17503234491667974
mixed_biphasic,0.5865214339494705,-0.05097722570804849,-1.6704363996553397,0.0781005270046561,-1.676443081679686,0.08153351720266296
mixed_biphasic,0.5882393734455109,-0.05097355122429073,-1.6527759347883755,0.16996667156798675,-1.6617796277774617,0.15976867127390756
mixed_biphasic,0.5900810403823853,-0.05096849482357402,-1.5594955530586692,0.24571848420995424,-1.5683329384908724,0.24235247757694114
mixed_biphasic,0.5920021827220917,-0.05096189125301129,-1.6658865041625994,0.14277200411710886,-1.6749135716997048,0.15976867127390756
mixed_biphasic,0.5939756060838699,-0.05095353512578518,-1.8265316982593252,0.04333725249959158,-1.8358451766071484,0.04462887257408921
mixed_biphasic,0.5959716556072235,-0.05094286095420627,-1.8187998251958635,0.05149485297010292,-1.8235567724227313,0.058360833366116645
mixed_biphasic,0.598046440243721,-0.05092841644420259,-1.6642471480247805,0.16826700485230686,-1.6687285466563975,0.15976867127390756
mixed_biphasic,0.6003068634271622,-0.05090673087132744,-1.5861806074301836,0.23898647094392808,-1.5890085742191893,0.2558165041089934
mixed_biphasic,0.6028330242633819,-0.05087181097251578,-1.6062155607604227,0.1514702984855882,-1.609079247430488,0.24235247757694114
mixed_biphasic,0.6055612564086914,-0.05081994950187833,-1.5426674929774173,0.24740148752646077,-1.5454178811842725,0.2949710812665425
mixed_biphasic,0.6085072658061981,-0.050740664317004025,-1.4884987961042275,0.24487698255170096,-1.491152608123577,0.27997255171061664
mixed_biphasic,0.6119022907018662,-0.05058052302406535,-1.4593030167892465,0.319968630526419,-1.4619047762908086,0.269973532006666
mixed_biphasic,0.6158285541534424,-0.050244341038116924,-1.5223522030865946,0.27497304185864135,-1.5250663716064536,0.27497304185864135
mixed_biphasic,0.6219206821918487,-0.047478421691497935,-1.687419037485686,0.12492550360247026,-1.6904275000622624,0.1614683379895874
mixed_biphasic,0.6339157146215438,-0.008139215380251683,0.9917553399687264,0.7920792079207921,1.0050537346642534,0.7722772277227723
sparse_noise,0.1773897192031145,0.0,-1.503161186894777,0.45995490638172737,-1.249255186631896,0.7623762376237624
sparse_noise,0.19579090248048306,0.0,-1.5258631076980993,0.4066268012939908,-1.2855971556975512,0.8184818481848185
sparse_noise,0.2108428089618683,0.0,-1.531905598591112,0.47328693265366134,-1.2931683992528962,0.5346534653465347
sparse_noise,0.22445784997940063,0.0,-1.5452263299401028,0.31496912067444366,-1.30225389151931,0.5742574257425742
sparse_noise,0.23808298605680467,0.0,-1.5814937619114195,0.2899715714145672,-1.3219391247632064,0.47495343593765316
sparse_noise,0.25273283180594447,0.0,-1.5922125317342022,0.2171074278293431,-1.3325388657406891,0.47995294578962844
sparse_noise,0.268777245759964,0.0,-1.6284956990313575,0.25997451230271545,-1.380994824494896,0.504950495049505
sparse_noise,0.2863730906546116,0.0,-1.6586818016609375,0.25245049747598036,-1.3976515603166546,0.5148514851485149
sparse_noise,0.3065762624144554,0.0,-1.6707295661798318,0.1994358930060245,-1.4006800577387923,0.4849524556416038
sparse_noise,0.32948115104436876,0.0,-1.6690549182919536,0.17166633828366668,-1.4536787626262064,0.34996568963827074
sparse_noise,0.35470009341835973,0.0,-1.706494963101868,0.17166633828366665,-1.4551930113372753,0.4199588275659249
sparse_noise,0.38087965828180315,0.0,-1.7291872168880262,0.08158400235263365,-1.4960777265361371,0.24992599250122055
sparse_noise,0.40682503187656405,0.0,-1.7561249117222795,0.06628700191151483,-1.5324196956017926,0.269973532006666
sparse_noise,0.4314547888636589,0.0,-1.7654890863120456,0.06501225187475493,-1.5293911981796546,0.18681336813222546
sparse_noise,0.45441700142621994,0.0,-1.7518799116912034,0.1036796696564719,-1.5051632188025512,0.29957459033816336
sparse_noise,0.47523720198869707,0.0,-1.694308627655032,0.09305675268347274,-1.4430790216487235,0.27997255171061664
sparse_noise,0.4940602997541428,0.0,-1.645936910391894,0.12620025363923015,-1.3825090732059648,0.3299676502303696
sparse_noise,0.5102305881381035,0.0,-1.60521463798312,0.18428886315746568,-1.3507098502735166,0.40496029800999905
sparse_noise,0.5230152608156204,0.0,-1.5946353730740228,0.1388477736117892,-1.3204248760521375,0.37996274875012254
sparse_noise,0.5323066254854202,0.0,-1.5948435682757667,0.2558165041089934,-1.3249676221853444,0.5999411822370356
sparse_noise,0.5385711268186569,0.0,-1.5731809535040369,0.24908449084296727,-1.28711140440862,0.6332712479168708
sparse_noise,0.5429300777912139,0.0,-1.5227449392837744,0.3099696108224684,1.364033376032733,0.5247524752475248
sparse_noise,0.546243482708931,0.0,-1.47492553952746,0.24740148752646077,1.4086204234333182,0.37996274875012254
sparse_noise,0.5489685533046722,0.0,-1.4798907010114775,0.28497206156259186,1.40036356280358,0.46995392608567793
sparse_noise,0.5513937456607818,0.0,-1.4457816078371344,0.31496912067444366,1.454858842959852,0.4299578472698755
sparse_noise,0.5535187532901764,0.0,-1.4034016705564847,0.34996568963827074,1.5077027509901753,0.38996176845407315
sparse_noise,0.5553357846736908,0.0,-1.3730310321285475,0.3249681403783943,1.5258678443755993,0.29997059111851776
sparse_noise,0.5570326327085495,0.0,-1.3654332365191877,0.4249583374179002,1.5341247050053368,0.233642578125
sparse_noise,0.5586598181724548,0.0,-1.3503055695482449,0.410888671875,1.5555925426426562,0.269973532006666
sparse_noise,0.5602430657148362,0.0,-1.348816609193965,0.2578125,1.555592542642656,0.201416015625
sparse_noise,0.5618001945018768,0.0,-1.3628096775523755,0.29997059111851776,1.5407301935091278,0.2549750024507401
sparse_noise,0.563333609342575,0.0,-1.369382704463613,0.37496323889814726,1.5440329377610231,0.3399666699343202
sparse_noise,0.5648407248258591,0.0,-1.3615710226158724,0.27997255171061664,1.542381565635076,0.26497402215469074
sparse_noise,0.5663299572467804,0.0,-1.338651594150732,0.3932947750220566,1.5853172409097143,0.3399666699343202
sparse_noise,0.567819827079773,0.0,-1.3544102250385444,0.4532888932457602,1.5605466590204995,0.3866287618860896
sparse_noise,0.569299899339676,0.0,-1.340650143031116,0.43995686697382613,1.5638494032723944,0.3866287618860896
sparse_noise,0.570752803683281,0.0,-1.3437274393214669,0.354965199490246,1.5886199851616085,0.2949710812665425
sparse_noise,0.5721693630218506,0.0,-1.3603806927762885,0.354965199490246,1.575409008154028,0.29997059111851776
sparse_noise,0.5735656807422638,0.0,-1.3427001427294551,0.29997059111851776,1.6216474276805612,0.18933787310698527
sparse_noise,0.5749505865573883,0.0,-1.3280252538934685,0.38996176845407315,1.6018309621691893,0.3099696108224684
sparse_noise,0.5763075245618821,0.0,-1.3205764384017316,0.3699637290461719,1.606785078547032,0.25997451230271545
sparse_noise,0.5776537510156632,0.0,-1.3236138452742774,0.3699637290461719,1.5853172409097136,0.24740148752646077
sparse_noise,0.5790652668476105,0.0,-1.3341612644161462,0.3699637290461719,1.6150419391767705,0.23730346762742155
sparse_noise,0.5804913299083709,0.0,-1.34000118129277,0.3299676502303696,1.6365097768140897,0.2095339129050637
sparse_noise,0.5819374324083328,0.0,-1.3415665595825887,0.3849622586020978,1.634858404688142,0.20700940793030392
sparse_noise,0.583407318353653,0.0,-1.3084718689930546,0.3399666699343202,1.6398125210659849,0.17419084325842646
sparse_noise,0.5849280633926391,0.0,-1.3130817291904027,0.3999607881580238,1.631555660436247,0.24235247757694114
sparse_noise,0.5865214339494705,0.0,-1.3024525317058757,0.319968630526419,1.6563262423254612,0.14642128853606862
sparse_noise,0.5882393734455109,0.0,-1.2999779518396513,0.4299578472698755,1.6563262423254614,0.24235247757694114
sparse_noise,0.5900810403823853,0.0,-1.3040576667906019,0.3999607881580238,1.631555660436247,0.24235247757694114
sparse_noise,0.5920021827220917,0.0,-1.3131417865058297,0.4149593177139496,1.6216474276805606,0.25245049747598036
sparse_noise,0.5939756060838699,0.0,-1.33004338250131,0.38996176845407315,1.5985282179172946,0.26497402215469074
sparse_noise,0.5959716556072235,0.0,-1.0260949631094387,0.7425742574257426,1.5588952868945523,0.29997059111851776
sparse_noise,0.598046440243721,0.0,-0.5609869888419383,0.9603960396039604,1.5688035196502372,0.25997451230271545
sparse_noise,0.6003068634271622,0.0,1.3488324671884409,0.46995392608567793,1.5853172409097138,0.2949710812665425
sparse_noise,0.6028330242633819,0.0,1.7806752449932226,0.1514702984855882,1.5605466590205,0.3099696108224684
sparse_noise,0.6055612564086914,0.0,1.8422354735001218,0.24235247757694114,1.568803519650238,0.2949710812665425
sparse_noise,0.6085072658061981,0.0,2.0577267485174664,0.06265207111362522,1.597008993115766,0.27997255171061664
sparse_noise,0.6119022907018662,0.0,2.1903590968970406,0.014442890288477747,1.6415077075938098,0.269973532006666
sparse_noise,0.6158285541534424,0.0,2.1653674923464115,0.01488055363055283,1.6932006191564586,0.27497304185864135
sparse_noise,0.6219206821918487,0.0,2.2819068882431774,0.005077491133177804,1.7339407322449991,0.21963193280410293
sparse_noise,0.6339157146215438,0.0,2.2829923791881237,0.006519450476752105,1.8231148270461701,0.23225445767790195
