evidence_group	path	bytes	sha256
submission_top_level	config/ted_external_validation_protocol_v1.yaml	7700	4032e79841b0790ac4ff21d5f4a6eadf13beb18314dd2941cc6d1f99e815ff5c
data/processed/ted_known_source/SCP1064/results	data/processed/ted_known_source/SCP1064/results/protein_marker_summary_by_guide.tsv	2763878	0fb69289aace377863163ff1385b0fc84b1b565454e47126d2a07d38947859b2
data/processed/ted_known_source/SCP1064/results	data/processed/ted_known_source/SCP1064/results/protein_marker_summary_by_target.tsv	895865	d962a64cdd32c11aaad2481564b018b699a864f53f7ee0403fa2dcc549cc4bf4
data/processed/ted_known_source/SCP1064/results	data/processed/ted_known_source/SCP1064/results/protein_qc.tsv	122	ba5420b723dbf117c109d467b2920d15da23917d45b5c1413ff650f736e2bc26
data/processed/ted_known_source/SCP1064/results	data/processed/ted_known_source/SCP1064/results/scp1064_author_effect_alignment.tsv	1588	adf2cbdfac0d7155d935733f4e2fd5c489a5081369d1267e30558b3dad4d6c9a
data/processed/ted_known_source/SCP1064/results	data/processed/ted_known_source/SCP1064/results/scp1064_author_effect_summary.tsv	392	9fc990e94b655d0d25add1dbc9fdfcd06a74727d4e1c91bc25bd6b63fdfde740
data/processed/ted_known_source/SCP1064/results	data/processed/ted_known_source/SCP1064/results/scp1064_cell_level_event_scores.tsv	207020814	b5998d1c587c1a75d05928d492938732e63c302b01de4d7b6f25899de9029dfb
data/processed/ted_known_source/SCP1064/results	data/processed/ted_known_source/SCP1064/results/scp1064_claim_boundary.tsv	740	83d459a45494c7cbdde2796a36cc167169097eca49e423de10b33a615a164e64
data/processed/ted_known_source/SCP1064/results	data/processed/ted_known_source/SCP1064/results/scp1064_claim_boundary_report.md	455	67c71b654c0f546fbf2939b77a1d477fc16cee74488e0ebaf1108b79e72d9a4e
data/processed/ted_known_source/SCP1064/results	data/processed/ted_known_source/SCP1064/results/scp1064_event_protein_cell_level_alignment.tsv	1421	e622ed330546b0befe67ecceb04883a42a82358ff43cbba5b56991c83fd603e2
data/processed/ted_known_source/SCP1064/results	data/processed/ted_known_source/SCP1064/results/scp1064_event_protein_guide_level_alignment.tsv	1252	9fd6fa952e3883d96b19c1215b30a52bca1d778f3131bd02118204a3bf886b5b
data/processed/ted_known_source/SCP1064/results	data/processed/ted_known_source/SCP1064/results/scp1064_event_protein_target_level_alignment.tsv	1259	30509fbb43b404c459aceb1099e0f4344ac94e2b4a46fc175a61cb5b4e61e831
data/processed/ted_known_source/SCP1064/results	data/processed/ted_known_source/SCP1064/results/scp1064_event_recovery_summary.tsv	470	704a279d89fb54701b20f62c619a94811ed8ea49a954fa08ff8cef729ad2a405
data/processed/ted_known_source/SCP1064/results	data/processed/ted_known_source/SCP1064/results/scp1064_guide_level_event_scores.tsv	899567	641b9d11c2b484d47f03e75f5e22f5ef5c5192ca71dde2c625c095f5198251f3
data/processed/ted_known_source/SCP1064/results	data/processed/ted_known_source/SCP1064/results/scp1064_heavy_shuffle_estimability.tsv	604	cc5bf870e1429e7f17b1af64956b994c34de42f97b3589250ab05118d6011a30
data/processed/ted_known_source/SCP1064/results	data/processed/ted_known_source/SCP1064/results/scp1064_heavy_shuffle_manifest.tsv	653	2bcdbff9632b302af08392d7ac3fec210b70c012556cf7cc4a4adad43b180013
data/processed/ted_known_source/SCP1064/results	data/processed/ted_known_source/SCP1064/results/scp1064_heavy_shuffle_summary.tsv	4379	fbe81686174fad04cc8a3e41eb7e711b5f2cadc168db0df1791470bcf5009a3d
data/processed/ted_known_source/SCP1064/results	data/processed/ted_known_source/SCP1064/results/scp1064_leave_one_unit_refits.tsv	330037	9226d8813161e6dd2d5d2d5f30e1531ba10338972950d134ae92b6f96b020c74
data/processed/ted_known_source/SCP1064/results	data/processed/ted_known_source/SCP1064/results/scp1064_leave_one_unit_summary.tsv	1476	b7dfeee3ec23d058eca95f58dd2e2d0dff4c5001925e1472ce8e5af791edd301
data/processed/ted_known_source/SCP1064/results	data/processed/ted_known_source/SCP1064/results/scp1064_lightweight_shuffle_summary.tsv	8548	b01f9a0edb8911f75bcf31c12e4b713d3270a7bf9c371cb5c68ed87bf49c3e59
data/processed/ted_known_source/SCP1064/results	data/processed/ted_known_source/SCP1064/results/scp1064_negative_control_alignment.tsv	3211	ecf86fcdd24a0c25a2974f84875a61878c2b94d66cb8f4fed0808c8956c037c1
data/processed/ted_known_source/SCP1064/results	data/processed/ted_known_source/SCP1064/results/scp1064_negative_control_event_scores.tsv	84141761	965ba0538760ef95bf1fe280e05c608bcc676cc783e9cc3a881a0cd53c3b67fc
data/processed/ted_known_source/SCP1064/results	data/processed/ted_known_source/SCP1064/results/scp1064_outcome_alignment_summary.tsv	4284	7214fb702cb0418c0389f075b445d2c7a10d7d4674d591fdbcf0403cf687007b
data/processed/ted_known_source/SCP1064/results	data/processed/ted_known_source/SCP1064/results/scp1064_random_gene_set_null.tsv	19056	5e8e03c8987136d8bf76f40e3932787270aee3b4adf8a1594fbd60176fdf92e3
data/processed/ted_known_source/SCP1064/results	data/processed/ted_known_source/SCP1064/results/scp1064_specificity_summary.tsv	631	37e909683c953ccbfcefc7aa03749cd97cb7011a8c0a355fdee08465c88ec0c2
data/processed/ted_known_source/SCP1064/results	data/processed/ted_known_source/SCP1064/results/scp1064_summary_report.md	477	bd0cddfee3fdd013dec8d375ac0b0eb269ea73d293b80eccb1f3d1f5a724876a
data/processed/ted_known_source/SCP1064/results	data/processed/ted_known_source/SCP1064/results/scp1064_target_level_event_scores.tsv	292935	bf90573f5cc36be802d386b0de5b22fbac076d4f78d402f2d5391dfe237d92d1
data_external/StepXX_dynamic_pathway_event_grammar_standardization	data_external/StepXX_dynamic_pathway_event_grammar_standardization/baseline_score_vs_event_comparison.tsv	4812	4459cbf4e4d90df90d868f3f6d8110150625f2ac2a5972e0ec6225bb94e8f72e
data_external/StepXX_dynamic_pathway_event_grammar_standardization	data_external/StepXX_dynamic_pathway_event_grammar_standardization/claim_boundary_mapping.tsv	1455	efcd8ee7a0cc3e9d979c63748a5a2c84e916453fd7ed5ae4a459f326643c66a6
data_external/StepXX_dynamic_pathway_event_grammar_standardization	data_external/StepXX_dynamic_pathway_event_grammar_standardization/dynamic_pathway_event_table.tsv	40271	e1d0dd308a051efd705c12f4b58717d81fd7788672f8e5f21f446fa4801c02ba
data_external/StepXX_dynamic_pathway_event_grammar_standardization	data_external/StepXX_dynamic_pathway_event_grammar_standardization/event_calling_rules.yaml	2531	4fb559438f367acd49add64f457bcd68075873e4fe8d7be00651c4091568e62d
data_external/StepXX_dynamic_pathway_event_grammar_standardization	data_external/StepXX_dynamic_pathway_event_grammar_standardization/event_robustness_summary.tsv	1054	74996f94ddc5d2a9a42539348b5b4e0989bea6d426a5388f348dfcfa45daf20d
data_external/StepXX_dynamic_pathway_event_grammar_standardization	data_external/StepXX_dynamic_pathway_event_grammar_standardization/event_type_definition.md	2457	48ca4a1a42e7f9e9705fafe4a7345a2e89d7318cb4c412d28e092a7ee37869de
data_external/StepXX_dynamic_pathway_event_grammar_standardization	data_external/StepXX_dynamic_pathway_event_grammar_standardization/figure1_event_grammar_overview.pdf	29412	b2ba5d7eb8e0334df690cc029cade3dc0f6e0409000d9fabd0c6156b189204c3
data_external/StepXX_dynamic_pathway_event_grammar_standardization	data_external/StepXX_dynamic_pathway_event_grammar_standardization/figure1_event_grammar_overview.png	366638	661bfa3f494802a97cabeca520cd76e37e4eb51c3407b9fbb497f4291041a2c8
data_external/StepXX_dynamic_pathway_event_grammar_standardization	data_external/StepXX_dynamic_pathway_event_grammar_standardization/step_output_manifest.tsv	341	ca9aa88fbf8e90dd30f59c17dcf75f415730ec0fe6a30ca1218aa45acd967be6
submission_top_level	docs/ted_failure_modes_and_applicability.md	2710	57df730ecbd355e25c3bb98b0410493f18a503c3420f5d86b8012a3e44f933a7
submission_top_level	docs/ted_pre_submission_revision_tracking_2026-07-16.md	4876	2b3c88ff124e91f1e874278de7cbc7ef9adec1268b1604f6947a551f4b58475a
submission_top_level	docs/ted_submission_supplement_execution_report_2026-07-15.md	11617	92acd270a56810682d319a1694c72d474243c43ac7a7c6af060e13c5a66d5542
submission_top_level	docs/ted_validation_demo.md	2350	a12edc0f14db65d1cfb289aa63d606f8b9f8cf5881aaa5610022d629edd08c7a
submission_top_level	results/bib_manuscript_revision/figure_manifest.tsv	1841	08e8c13043a4a0a5c2bdc680852909aaea988426bc91a20776e26cdbf26a6e75
results/bib_manuscript_revision/gse153056_block_aware	results/bib_manuscript_revision/gse153056_block_aware/gse153056_block_event_support.tsv	10879	16d511f004a7fdaef21d048d58aa9506c926f579de96760380e41f64b5a19a48
results/bib_manuscript_revision/gse153056_block_aware	results/bib_manuscript_revision/gse153056_block_aware/gse153056_block_summary.tsv	492	ab77a92448aaaa246ec710bbe9aa0f5c2c69d40f481fb008144d6642fb4758e8
results/bib_manuscript_revision/gse153056_block_aware	results/bib_manuscript_revision/gse153056_block_aware/gse153056_replicate_effects.tsv	7883	529e0c29d735c6f10d10fdceab87a75998347286ee16e3b45d01c87996c64e7a
results/bib_manuscript_revision/gse153056_block_aware	results/bib_manuscript_revision/gse153056_block_aware/gse153056_stat1_gate_audit.tsv	2305	54c723c93ea07dd08a4ab4e1dddb4fabb4f0518179889245dd9746985cecd1c7
submission_top_level	results/bib_manuscript_revision/gse271399_design_stratum_audit.tsv	1088	0f0d78c518edbf8b8da0376928d17eede771f6f8f50f5bcda98104e8e7be3692
submission_top_level	results/bib_manuscript_revision/gse93735_ev_boundary.tsv	837	7e35ecfdc95f96eb1e2ec69bc8904ce676f2848c6a01161b64390ca1406e13b1
submission_top_level	results/bib_manuscript_revision/manuscript_metric_source_map.tsv	12745	c3efad19c3effe84ccde645c213430ab397db4d7f4b0bfb859d5efbce297b44d
results/bib_manuscript_revision/packet_bootstrap	results/bib_manuscript_revision/packet_bootstrap/packet_bootstrap_replicates.tsv.gz	200816	eea172a7c0d5348ae940139e6c8842b3d183e49b6ca50aeea1555e7b976aeefc
results/bib_manuscript_revision/packet_bootstrap	results/bib_manuscript_revision/packet_bootstrap/packet_bootstrap_run_config.tsv	160	d90c21f3fe57f7151fe1463174b39870cdd481d37d4647def6cbc4599ab5386b
results/bib_manuscript_revision/packet_bootstrap	results/bib_manuscript_revision/packet_bootstrap/packet_bootstrap_summary.tsv	1323	eba88955c42ca0a594cfc18d93de69cdf742882c200390fbc8507554a8f76f75
results/ted_adaptive_window_multiplicity	results/ted_adaptive_window_multiplicity/event_call_audit.tsv.gz	624930	499396bfd76cd8368567a8885e4de2277584d6426c6bb02e958e1ac0c84df773
results/ted_adaptive_window_multiplicity	results/ted_adaptive_window_multiplicity/factor_level_summary.tsv	9704	dea9cedc03d741baba973fa1a722917640782f90d89e733f587f46984bf9ee96
results/ted_adaptive_window_multiplicity	results/ted_adaptive_window_multiplicity/method_summary.tsv	2194	e77fddae9ca03cba6059b7feb4c7e5f2570a00604231490feda83e2e88f26f4e
results/ted_adaptive_window_multiplicity	results/ted_adaptive_window_multiplicity/method_summary_by_stratum.tsv	7986	851fc328a33eb4fc25676dfc1cc5e6520c9d2e35859ef79077a44b23e8aaf7c8
results/ted_adaptive_window_multiplicity	results/ted_adaptive_window_multiplicity/metric_definitions.tsv	561	16ab238d887c729c8ba489e4a4be209a2596a59f45fb20a9007d6470ca2ed96d
results/ted_adaptive_window_multiplicity	results/ted_adaptive_window_multiplicity/replicate_metrics.tsv	364337	06d647aa1f4d3760aaf04c3c85d521dfafefc404588d23f1e1fe0b820c7f6ef5
results/ted_adaptive_window_multiplicity	results/ted_adaptive_window_multiplicity/run_config.json	376	ab16123fba532321e0191aaaa37690838b3dd0526d717aecd026ed1836b2f583
results/ted_adaptive_window_multiplicity	results/ted_adaptive_window_multiplicity/scenario_registry.tsv	3387	0e0010da35ba6e035de55d1526f36e15524a36a036cf87a32579239369744f3e
results/ted_current_task_benchmark	results/ted_current_task_benchmark/audit_predictions.tsv	31237	de6aa7a2b4990bf00d8ce72a2b99f243e8b34975492e8affb37a674e72dab229
results/ted_current_task_benchmark	results/ted_current_task_benchmark/baseline_tuning_audit.tsv	2309	cb336dcaddb483b40f75151f04ccd8a328c0d29b32c98d39136741fa8c49af0d
results/ted_current_task_benchmark	results/ted_current_task_benchmark/current_task_confusions.tsv	34787	effbfd32d40d8f88add8557e204972dd76e34e9a0a5af5e5328280cd290b0a4c
results/ted_current_task_benchmark	results/ted_current_task_benchmark/current_task_metrics.tsv	1449	dc18774d675cdc0175656292d611c7ae4dc5cdf47ad447066ce69c1b19f04517
results/ted_current_task_benchmark	results/ted_current_task_benchmark/current_task_packet_partitions.tsv	76566	c6ee3d99f3eda071f0b63a78f5efb2645f5a889d25ca3237010c6d8d606baedd
results/ted_current_task_benchmark	results/ted_current_task_benchmark/e_metric_definitions.tsv	389	23cefa5f434e4d7cd3d706cdf12d2db07d02dd5098ce1fe8f9927f6958f1b16d
results/ted_current_task_benchmark	results/ted_current_task_benchmark/paired_deltas.tsv	427	3f4e2db85ddbb68dbd10dee730d5cb2448cbe578d97c6be3a56c2748aaeab4fa
results/ted_current_task_benchmark	results/ted_current_task_benchmark/run_config.json	561	4d07e95f1fc1ac8f40da18ca9810b11bfa2fc9bca0c000d20ef7399433ca82a8
results/ted_current_task_benchmark	results/ted_current_task_benchmark/split_and_leakage_audit.tsv	367	4d3dd4db683da2104800c0da1297cec6b3e0a201698638a4606238934f01674f
results/ted_factorized_ablation	results/ted_factorized_ablation/ablation_metrics.tsv	1837	fba9b8f0a0fdee834ab6d829c0e8f9dab25cdab3b032a30d8ca18bf9beeae0d2
results/ted_factorized_ablation	results/ted_factorized_ablation/factorized_axis_metrics.tsv	255	6fc7d8f32cb07dddb285b4dbdfc04b9dec728db7aa737612ae45809ab0dd410e
results/ted_factorized_ablation	results/ted_factorized_ablation/factorized_packet_features.tsv	174374	69d042a5f86eb9fe98e8764c3a1731a8d2dec4f761e336e2b4d33f3614515456
results/ted_factorized_ablation	results/ted_factorized_ablation/factorized_packet_truth.tsv	62932	5f2c6e73f8574534c4b8d19c311960e8cb0e2aee6bf9c343d4e41c2bdf2b1dc1
results/ted_factorized_ablation	results/ted_factorized_ablation/factorized_predictions.tsv	511573	b6da1cd09efcb571a128125923445f7221634fea60abed1e287418ea906fb94a
results/ted_factorized_ablation	results/ted_factorized_ablation/manifest.tsv	1163	ce6c56cf0b607ffe5bcf67c12ba855f4febe04b4db424d96fab064d0bcf4494c
results/ted_factorized_ablation	results/ted_factorized_ablation/metric_definitions.tsv	527	86a2714db4c50cbfed32066e947475836850f6e2c1fa81ddd61a96e16cfc2560
results/ted_factorized_ablation	results/ted_factorized_ablation/reason_code_cases.tsv	24805	41161bad62d23f02cadde9bad08712baca97105aafbb96ebb2e61a8b593455ed
results/ted_factorized_ablation	results/ted_factorized_ablation/reason_code_confusion.tsv	280	82000a52d7ce4be1d26f050972d6718db0ae94616c644ffa29d1913330ee8c50
results/ted_factorized_ablation	results/ted_factorized_ablation/reason_code_metrics.tsv	190	deeca1af22f3cbcae59d01d3f8c2bdc7b4eebb4ec1df3969be14acabfbefcdec
results/ted_factorized_ablation	results/ted_factorized_ablation/report.md	513	1c6b9ee529e7186b2b23e567b5e79fdff8e355ac02e5ac59040c1eaa390d20c1
results/ted_factorized_ablation	results/ted_factorized_ablation/run_config.json	514	d293c89e462da0314d83c856b5c40aedfa8bb367dec1043fc87db3f4f43f5b3e
results/ted_factorized_ablation	results/ted_factorized_ablation/schema_invalid_combination_audit.tsv	614	0cf4b174445b9ae183cc44e1facd9f60ba5f4454abbc248b0fc774c497d6264e
submission_top_level	results/ted_known_source_validation/figures/supplementary_figure_scp1064.pdf	14459	3983ff942467aafffd242e2f8fd3bc6f61709d629236b8ba731a3ddcb3bbcece
results/ted_known_source_validation/tables	results/ted_known_source_validation/tables/gse153056_negative_control_results.tsv	220	48f419192ac7b6e3403339ff0d14e5d30757353d6c3ad38c3526a21093de0543
results/ted_known_source_validation/tables	results/ted_known_source_validation/tables/gse153056_pdl1_outcome_alignment.tsv	5547	89d0f2e33d975e30725267c977490ad4415c3b3184287f6d602669b970400c49
results/ted_known_source_validation/tables	results/ted_known_source_validation/tables/gse153056_ted_event_scores.tsv	4589	44ba2ea4ff0feeb2bc7f211d9277165a513cb5cf857e468da808f14749bebcf0
results/ted_known_source_validation/tables	results/ted_known_source_validation/tables/gse93735_dex_reversal_event.tsv	378	5ecceb7d87fa219cae8200e2f29b41b0879c128120dfb9444d4d026e47c47e70
results/ted_known_source_validation/tables	results/ted_known_source_validation/tables/gse93735_lps_activation_event.tsv	300	009c95670c3e5fd36becae0ab7865d997193522eefb7c51643a35ca7d604e367
results/ted_known_source_validation/tables	results/ted_known_source_validation/tables/gse93735_negative_control_results.tsv	497	03e05ac42f8938bb3bc16ec57be628881593257ac4b738f14e732c3129bfb67a
results/ted_known_source_validation/tables	results/ted_known_source_validation/tables/gse93735_reversal_index.tsv	783	afda14dcf6887ce3394641a389a16d67dc2756d3c61ad58a896a37896ec00f48
results/ted_known_source_validation/tables	results/ted_known_source_validation/tables/scp1064_claim_boundary.tsv	530	aa0845398d6eb24fd9697fa6c83842b29f00063b9edbbf1f32bc7a81b940a955
results/ted_known_source_validation/tables	results/ted_known_source_validation/tables/scp1064_lightweight_shuffle_summary.tsv	8548	b01f9a0edb8911f75bcf31c12e4b713d3270a7bf9c371cb5c68ed87bf49c3e59
results/ted_known_source_validation/tables	results/ted_known_source_validation/tables/scp1064_metadata_candidate_card.tsv	485	89954fb3b4108ea014196ea03d17cc3ea905d55dc01ebd2f9ea186a362f58709
results/ted_known_source_validation/tables	results/ted_known_source_validation/tables/scp1064_outcome_alignment_summary.tsv	4284	7214fb702cb0418c0389f075b445d2c7a10d7d4674d591fdbcf0403cf687007b
results/ted_known_source_validation/tables	results/ted_known_source_validation/tables/scp1064_specificity_summary.tsv	502	f0df40ba4bed46dd173fd787c93661fdf51669581cec8ba29bee542b9db46c12
results/ted_known_source_validation/tables	results/ted_known_source_validation/tables/ted_dataset_level_claim_boundary.tsv	1420	b596c4d25dfb7a9ecaecc43cb724ce7170842bdc789db8c6f56bacdb3980717f
results/ted_known_source_validation/tables	results/ted_known_source_validation/tables/ted_event_recovery_summary.tsv	6214	ecd662b1ee806b27cbc6b8c44710a90b1ccbf62de70c96b87eadd96f4a5c2655
results/ted_known_source_validation/tables	results/ted_known_source_validation/tables/ted_negative_control_summary.tsv	1026	a1b6daea3d372637c14546a01f0c05dce36505ced19f63757429942df542589e
results/ted_known_source_validation/tables	results/ted_known_source_validation/tables/ted_outcome_alignment_summary.tsv	11848	37416b2de23316d8729e93795f9036d0221cfe59786dcd08b46b3e19f95f8ec4
results/ted_known_source_validation/tables	results/ted_known_source_validation/tables/ted_specificity_summary.tsv	1169	6f6b429740c5730517a9d73a91024b32398c3e718f55f28e2676aedd51d5d3d8
results/ted_post_freeze_protocol_candidate	results/ted_post_freeze_protocol_candidate/README.md	1418	267774a7ddd9aac471d9e9af9b81c79a825d9a5d9db22a9726f8c02b01ea36f5
results/ted_post_freeze_protocol_candidate	results/ted_post_freeze_protocol_candidate/activation_checklist.tsv	552	8531e890abfe0b672c239fb5ab43f059743178ac1de13e3cbe01d413556529e1
results/ted_post_freeze_protocol_candidate	results/ted_post_freeze_protocol_candidate/protocol.json	2701	dc8c4a7536e8d863c31c5cdb2b9a417d024642110767d120aca31ac4fe8adb77
results/ted_post_freeze_protocol_candidate	results/ted_post_freeze_protocol_candidate/reporting_and_exclusion_rules.tsv	1253	04ac7569799ce333ac40f04c3e529597e2b6c70acfcd6c6dc62637a9401ad493
results/ted_real_data_upstream_sensitivity	results/ted_real_data_upstream_sensitivity/manifest.tsv	585	2e13acd7099ed15d24c8910fd6f4e7cf79505b7a17dd2c7a33871240d347fb4a
results/ted_real_data_upstream_sensitivity	results/ted_real_data_upstream_sensitivity/real_data_event_calls.tsv	27196	ce3c61a06a06dca798d3beef2e4351192fc865becc6e79503f7570819775e098
results/ted_real_data_upstream_sensitivity	results/ted_real_data_upstream_sensitivity/real_data_upstream_metrics.tsv	2820	bfb54d54fabd432f2657ece5374882651fd8592ebea4624bcc1e1e174e01385e
results/ted_real_data_upstream_sensitivity	results/ted_real_data_upstream_sensitivity/report.md	415	8aff72594469e2b3910f16a889f0ff3635cb743a536da1f8dc50622abcf74ea3
results/ted_real_data_upstream_sensitivity	results/ted_real_data_upstream_sensitivity/run_config.json	127	ee5e0c740851837d6d4808ecdca8545cb77b742886a09ddd5487c9dedff8a0e6
results/ted_real_data_upstream_sensitivity	results/ted_real_data_upstream_sensitivity/upstream_event_agreement.tsv	3151	1817a8af6bf54a0a4be7752d03a9ad288395b551ecd6f28bda4084f37568a1ea
results/ted_real_data_upstream_sensitivity	results/ted_real_data_upstream_sensitivity/upstream_method_registry.tsv	1525	f75bfea7bf49f8d964ae1bd72afa53cbd80299fe3f49ef3a1d27367a4f3cb28b
results/ted_submission_calibration	results/ted_submission_calibration/ambiguity_calibration.tsv	247	be058354eab6663d1825fa552983eab616f0f30cec946e286741aecc45b1caa2
results/ted_submission_calibration	results/ted_submission_calibration/confounded_null_calibration.tsv	3220	7765d71c7b9d4fc8f44577eb24dd9ed7117d49710a7247d64b8b7a6b450a6c63
results/ted_submission_calibration	results/ted_submission_calibration/confounded_signal_calibration.tsv	5318	4db42210b618b9546917c5e1286d7c7731bb150135e43f6b47867e6bef25dd37
results/ted_submission_calibration	results/ted_submission_calibration/controlled_packet_class_factorization.tsv	853	6b0c0e970c8abaa6ac9563bbe1e36747e55f17f016c88e26f36469c1e9440dfb
results/ted_submission_calibration	results/ted_submission_calibration/controlled_packet_features.tsv	38270	5bfff72529903b05f8666052f14d73a8aca3b43db803e95ece82efc04cabf59f
results/ted_submission_calibration	results/ted_submission_calibration/controlled_truth_key.tsv	15681	91d3da6099f764248c804ad79ecc352f68e1ea945b91d74741ea9e85f44dfb3d
results/ted_submission_calibration	results/ted_submission_calibration/controlled_truth_metrics.tsv	270	c9189c5bb21eba05d6df822ba354100a6d53782c423da75914899319e8700495
results/ted_submission_calibration	results/ted_submission_calibration/event_fdr_calibration.tsv	5708	0702bb2edbc807d7caa1b8294f3fcbcae03f84c417a0e730d5b99efd96ea2920
results/ted_submission_calibration	results/ted_submission_calibration/evidence_tier_selective_coverage.tsv	576	3cf2d28c079fdfaec5a70a836c289109a810f39ca7060bd68f6161ec014ab7d4
results/ted_submission_calibration	results/ted_submission_calibration/failure_modes_and_applicability.tsv	2750	4563240f716b99d93463d30b8882a8ee567a290191a92f327b0ab84b28c49c60
results/ted_submission_calibration	results/ted_submission_calibration/manifest.tsv	1779	353825d441a0b481f7ab2f65e800258d9600f3c39415cc142eb791749fbdb2cd
results/ted_submission_calibration	results/ted_submission_calibration/packet_class_confusion_matrix.tsv	564	67abe04d98c05781b953a12150e8881a1bb3bedc50c1f555c4c39376d05cff5d
results/ted_submission_calibration	results/ted_submission_calibration/rule_perturbation_sensitivity_calls.tsv	69633	e87e3a2c95592ba5ba168fa643c4f4983a86e439499c05c7f55608396faeabd1
results/ted_submission_calibration	results/ted_submission_calibration/rule_perturbation_sensitivity_profiles.tsv	745	3ff4b9cb70f93f0ba58901a02061df33c63c5c91cf3f3ba8d915be5abd56d459
results/ted_submission_calibration	results/ted_submission_calibration/rule_perturbation_sensitivity_summary.tsv	404	ad540e500ecda62547840c422207785190289c56d8b17ca1994f3137e70e6e6f
results/ted_submission_calibration	results/ted_submission_calibration/run_config.json	294	3def2f5f4d9626ba8aed240a6d0808aaa9546059fc691921fb5df9dd210937aa
results/ted_submission_calibration	results/ted_submission_calibration/ted_packet_predictions.tsv	22826	db87805c6a61beff1ca866b803d6c9ea7dfeed8759a5b3f1ea93862bbd15a945
results/ted_submission_calibration	results/ted_submission_calibration/ted_submission_calibration_report.md	1425	f2c6fde76df1b34fdafbff60262cbadeaaeec9ef43a85b44d754dc6be6b83b0c
results/ted_submission_supplement/cross_dataset_holdout	results/ted_submission_supplement/cross_dataset_holdout/cross_dataset_primary_endpoints.tsv	924	2dff5c1d6ffc40b556c1afbb080547dc62712022ce00517610fbd4c0765be28b
results/ted_submission_supplement/cross_dataset_holdout	results/ted_submission_supplement/cross_dataset_holdout/cross_dataset_report.md	660	aca756148f05e5018709b53b0f78c267d43e5bb75a66c7617695cfa90c8125c4
results/ted_submission_supplement/cross_dataset_holdout	results/ted_submission_supplement/cross_dataset_holdout/cross_dataset_summary.tsv	335	6100eb295802cb43b0633bf3d3056ed4709fb91d45dcbf5d178d824558691369
results/ted_submission_supplement/cross_dataset_holdout	results/ted_submission_supplement/cross_dataset_holdout/leave_one_dataset_out.tsv	535	f11ca1b6846dbdaa273560f3eaf39c31fce168f258d880e83ecd536fc0d3e29d
results/ted_submission_supplement/cross_dataset_holdout	results/ted_submission_supplement/cross_dataset_holdout/manifest.tsv	497	35be1f7acd43a3c63e864829e9285f2ba2bc2c58722be1842a14146e2cb9554b
results/ted_submission_supplement/cross_dataset_holdout	results/ted_submission_supplement/cross_dataset_holdout/run_config.json	195	83e8d78aa51465a5b2b6f967b8d6c85f3b77811b245f28ee2492ff36a7c3fc58
results/ted_submission_supplement/direct_external_baselines	results/ted_submission_supplement/direct_external_baselines/GSVA_AUCell.log	0	e3b0c44298fc1c149afbf4c8996fb92427ae41e4649b934ca495991b7852b855
results/ted_submission_supplement/direct_external_baselines	results/ted_submission_supplement/direct_external_baselines/POT_OT.log	0	e3b0c44298fc1c149afbf4c8996fb92427ae41e4649b934ca495991b7852b855
results/ted_submission_supplement/direct_external_baselines	results/ted_submission_supplement/direct_external_baselines/direct_baseline_toy_expression.tsv	179081	fdd54b3eed4261317c6e0d500af8658cb1e9dcc0fe48f20c26af4d634cc6cab5
results/ted_submission_supplement/direct_external_baselines	results/ted_submission_supplement/direct_external_baselines/direct_baseline_toy_metadata.tsv	5065	bf91c868d2c05b23a7dc66e2b7444ca385deed66e5dee72911a2b3307555af04
results/ted_submission_supplement/direct_external_baselines	results/ted_submission_supplement/direct_external_baselines/direct_external_baseline_docker_report.md	1872	736cb452a0689e3992a04316212c1a1e5e758dffe30494f5b34885fce60d4616
results/ted_submission_supplement/direct_external_baselines	results/ted_submission_supplement/direct_external_baselines/direct_external_baseline_execution_manifest.tsv	1508	d72e01a61ca0db52d113dfa967d01c04c8edfcc687d1099967de2129e9ce80b9
results/ted_submission_supplement/direct_external_baselines	results/ted_submission_supplement/direct_external_baselines/direct_external_baseline_failure_modes.tsv	838	8a25e3aed700e923e0e6f6bd7c9b80dd05bf5397c956b8a362a24f235e6baa4c
results/ted_submission_supplement/direct_external_baselines	results/ted_submission_supplement/direct_external_baselines/direct_external_baseline_metric_table.tsv	1391	1f87ce15ea0f840c35e4d9d91453f34e4e2cf92e9208a56a92377822e912f5a9
results/ted_submission_supplement/direct_external_baselines	results/ted_submission_supplement/direct_external_baselines/direct_external_baseline_registry.tsv	660	e24a56ebee8b61ea1f12045fe0d3516294b74ed5f6727a9a95c4ee9eea2fcc9a
results/ted_submission_supplement/direct_external_baselines	results/ted_submission_supplement/direct_external_baselines/direct_external_baseline_to_ted_object_adapter.tsv	459	660f900e03791e73e25ed424281041b0f30bee87c4106d27bc9eafe4c1c7b2aa
results/ted_submission_supplement/direct_external_baselines	results/ted_submission_supplement/direct_external_baselines/gsva_aucell_direct_output.tsv	254	bd7c05b278eee5ecd7828856825d4c62ff9675a8a2ed33a08a0756f64af48783
results/ted_submission_supplement/direct_external_baselines	results/ted_submission_supplement/direct_external_baselines/pot_ot_direct_output.tsv	288	7d0f3606a20decfef96cd4d1377a719c1d71c2b42f2a374260fede2e215f5fb1
results/ted_submission_supplement/direct_external_baselines	results/ted_submission_supplement/direct_external_baselines/tradeSeq.log	0	e3b0c44298fc1c149afbf4c8996fb92427ae41e4649b934ca495991b7852b855
results/ted_submission_supplement/direct_external_baselines	results/ted_submission_supplement/direct_external_baselines/tradeseq_direct_output.tsv	185	ca83d27ecef8d83abf8f75e99b77aa94ae966e91589ea05d972c31dfe06ee32d
results/ted_submission_supplement/direct_external_baselines_docker	results/ted_submission_supplement/direct_external_baselines_docker/GSVA_AUCell.log	0	e3b0c44298fc1c149afbf4c8996fb92427ae41e4649b934ca495991b7852b855
results/ted_submission_supplement/direct_external_baselines_docker	results/ted_submission_supplement/direct_external_baselines_docker/POT_OT.log	0	e3b0c44298fc1c149afbf4c8996fb92427ae41e4649b934ca495991b7852b855
results/ted_submission_supplement/direct_external_baselines_docker	results/ted_submission_supplement/direct_external_baselines_docker/direct_baseline_toy_expression.tsv	178952	ad9a9c927dee14292c3a176986bf087018cce5dc2cba4972d457a9f4ecb5459a
results/ted_submission_supplement/direct_external_baselines_docker	results/ted_submission_supplement/direct_external_baselines_docker/direct_baseline_toy_metadata.tsv	4984	8a3192c5098ebf6eb2eefa3b436758fac926ee56474d945d70ca3a8832b8cbcf
results/ted_submission_supplement/direct_external_baselines_docker	results/ted_submission_supplement/direct_external_baselines_docker/direct_external_baseline_docker_report.md	1481	41902a653b03bbd627377b23a42c07618fed50a18a3438ad9850510a60aa59e9
results/ted_submission_supplement/direct_external_baselines_docker	results/ted_submission_supplement/direct_external_baselines_docker/direct_external_baseline_execution_manifest.tsv	1567	06fa7ec087b4ad8bdb7e90d8e5c6d837d2a41f052f758e33f67919e8f921b8ee
results/ted_submission_supplement/direct_external_baselines_docker	results/ted_submission_supplement/direct_external_baselines_docker/direct_external_baseline_failure_modes.tsv	836	456a32e8cede5817ed62050754cbed27f044684e0959b07bfcc67acf17ecb2a1
results/ted_submission_supplement/direct_external_baselines_docker	results/ted_submission_supplement/direct_external_baselines_docker/direct_external_baseline_metric_table.tsv	1343	5203965ad5e4f35db25f3f8821e32ba14d79f60300e76af1210a8f912fdeae39
results/ted_submission_supplement/direct_external_baselines_docker	results/ted_submission_supplement/direct_external_baselines_docker/direct_external_baseline_registry.tsv	627	eb53678812bb017049de7eb22a4976801abcf911fd7e4a5eff0f5b8f9e987798
results/ted_submission_supplement/direct_external_baselines_docker	results/ted_submission_supplement/direct_external_baselines_docker/direct_external_baseline_to_ted_object_adapter.tsv	455	b57502a7500a67bb61cad4ea8ad576306f02829e56edf17bd7a8af7ac6c92fb6
results/ted_submission_supplement/direct_external_baselines_docker	results/ted_submission_supplement/direct_external_baselines_docker/gsva_aucell_direct_output.tsv	456	be9e67fcfb1464067adc2b6ffdb8242f6bbdd9a9ddfc2a55ebf3bcf80d1fbe3e
results/ted_submission_supplement/direct_external_baselines_docker	results/ted_submission_supplement/direct_external_baselines_docker/pot_ot_direct_output.tsv	300	8058a8d8f179fdfffdc1ade17e154b2a21f1d969340142f7df5beed64a9c3ff4
results/ted_submission_supplement/direct_external_baselines_docker	results/ted_submission_supplement/direct_external_baselines_docker/tradeSeq.log	0	e3b0c44298fc1c149afbf4c8996fb92427ae41e4649b934ca495991b7852b855
results/ted_submission_supplement/direct_external_baselines_docker	results/ted_submission_supplement/direct_external_baselines_docker/tradeseq_direct_output.tsv	283	036f8f5f76e4e500476076dd1ff075afdd2eae034e431a579a8eab4c0abeccfa
results/ted_submission_supplement/empty_env_validation_demo_20260716	results/ted_submission_supplement/empty_env_validation_demo_20260716/cli_activity_validation.tsv	98	4a8206433e62f5b934a9d018e6ad0dcddeb28440053194a246f1e7ec2a9a7524
results/ted_submission_supplement/empty_env_validation_demo_20260716	results/ted_submission_supplement/empty_env_validation_demo_20260716/cli_event_v2_validation.tsv	95	263829b5e8c7ab0ecf57e6ade1b5caa681460cbb67027285cd80edd6e221e7d6
results/ted_submission_supplement/empty_env_validation_demo_20260716	results/ted_submission_supplement/empty_env_validation_demo_20260716/demo_activity.tsv	29305	10080b101ce8ac8a104f588eb0cb318e9a840b9c05495041272fa1a294b44534
results/ted_submission_supplement/empty_env_validation_demo_20260716	results/ted_submission_supplement/empty_env_validation_demo_20260716/demo_events.tsv	2060	6402bfa64e56361881df9141811400f3a9654663d3cdf29f989d938bda2a1357
results/ted_submission_supplement/empty_env_validation_demo_20260716	results/ted_submission_supplement/empty_env_validation_demo_20260716/demo_events_v2.tsv	2060	6402bfa64e56361881df9141811400f3a9654663d3cdf29f989d938bda2a1357
results/ted_submission_supplement/empty_env_validation_demo_20260716	results/ted_submission_supplement/empty_env_validation_demo_20260716/demo_manifest.json	337	af73d6fbecbbf9f1d260de52c5d6e39aef35dda56ec5c108cc9c6f5a13ba899e
results/ted_submission_supplement/empty_env_validation_demo_20260716	results/ted_submission_supplement/empty_env_validation_demo_20260716/demo_report.html	4017	4248a2dbfdead2b53f6bc8b8d06e18510103b27a1bacf754e39eb4bbd98d6094
results/ted_submission_supplement/empty_env_validation_demo_20260716	results/ted_submission_supplement/empty_env_validation_demo_20260716/demo_validation.tsv	183	25d98bf83215be3fc02e01db47b1f3d53caae7fc5f72698231dba7491c21a53b
results/ted_submission_supplement/empty_env_validation_demo_20260716	results/ted_submission_supplement/empty_env_validation_demo_20260716/environment.json	2188	bce6bd2988554cf7a02db3572ad09a99b5a037610e9f74dd0099538b51fc02d1
submission_top_level	results/ted_submission_supplement/ev_v2_verification_2026-07-16.tsv	4167	aaafe4dec9ae8a0eadcd94ffaa3d6ba0be40ea6115eaa5037babe2a27de48835
results/ted_submission_supplement/event_layer_scaling	results/ted_submission_supplement/event_layer_scaling/environment.json	314	98b1d4e38cba157620181df5223bc34a36a45ae2855c69626e15e54d5c17dc40
results/ted_submission_supplement/event_layer_scaling	results/ted_submission_supplement/event_layer_scaling/manifest.tsv	484	38ffddc184e9ba3bea8e897af394520e31fda0a8e3722061248b6194ebb8f0b9
results/ted_submission_supplement/event_layer_scaling	results/ted_submission_supplement/event_layer_scaling/scaling_report.md	2707	17784ed9058ff4b78f8e45d130328520dd2ef9d4df0f50f35f949d62a62e6f58
results/ted_submission_supplement/event_layer_scaling	results/ted_submission_supplement/event_layer_scaling/ted_event_layer_scaling.tsv	4484	d5334d972233bac7fabfff85ea69242aae4872c3ed014c35158745dc5e08a2f9
results/ted_submission_supplement/event_layer_scaling	results/ted_submission_supplement/event_layer_scaling/ted_event_layer_scaling_summary.tsv	1433	6a8c4eb4c80302ca00a406c469445f675e6e580ea7e67aef79165851a2f5fb8b
results/ted_submission_supplement/event_layer_scaling_quick	results/ted_submission_supplement/event_layer_scaling_quick/environment.json	314	a80404e1230d986acd241dd4e3c8e48889a848dc98a59f0c11988eba6900c272
results/ted_submission_supplement/event_layer_scaling_quick	results/ted_submission_supplement/event_layer_scaling_quick/manifest.tsv	400	5b118ca15d0b6761821f8f0389296f5c04ba4c04d91af30a6e1bc6fad469bf34
results/ted_submission_supplement/event_layer_scaling_quick	results/ted_submission_supplement/event_layer_scaling_quick/scaling_report.md	1052	dea7782fb0273c827799fa204a40c1a9034a7ed090fc1bf4ea9d1450ca0b6d62
results/ted_submission_supplement/event_layer_scaling_quick	results/ted_submission_supplement/event_layer_scaling_quick/ted_event_layer_scaling.tsv	1084	0213264b62ead9fc2e65e12a69518dda894aa23f0e0eaf762682fb5ab01286c6
results/ted_submission_supplement/event_layer_scaling_quick	results/ted_submission_supplement/event_layer_scaling_quick/ted_event_layer_scaling_summary.tsv	140	7d498f74409385354ccac8230775407a42fa8f9749dd23d5567f931f43bad894
submission_top_level	results/ted_submission_supplement/experiment_completion_matrix.tsv	2995	3df283a7170aa75f1a889fe64ae5d60806225b3829cd11d99b1fd906f59a8779
submission_top_level	results/ted_submission_supplement/final_verification_2026-07-16.md	3983	63d9009cafa2c96310eb05880c5e465e45d95bd7d9e401515b65b16b43d384d5
results/ted_submission_supplement/frozen_protocol_v1	results/ted_submission_supplement/frozen_protocol_v1/README.md	712	2db49b17c3dafcd32f66a7503346b2606e9d4f930627ee04542a4c26e2fda796
results/ted_submission_supplement/frozen_protocol_v1	results/ted_submission_supplement/frozen_protocol_v1/protocol_freeze.json	546	caef9cc70c13b9099682841b81172e786d72ac906eeace9da0fb70b8f370ac70
results/ted_submission_supplement/frozen_protocol_v1	results/ted_submission_supplement/frozen_protocol_v1/protocol_manifest.tsv	3507	8a34110e5199bbf5f266d75fbdc7f1ab2069b499b90d7865770e5e704aa569a9
results/ted_submission_supplement/frozen_protocol_v1	results/ted_submission_supplement/frozen_protocol_v1/ted_external_validation_protocol_v1_0_deposit_ready.zip	68525	3c481722653a1705347044e2ae3a7bc925c87f89b05c22d610fcdd53ce785ccd
results/ted_submission_supplement/parallel_threads_1	results/ted_submission_supplement/parallel_threads_1/ted_performance_config.json	547	14711ec8bb76df4fe43c6bdd16c6c139c9c35659be320efc810cbeaa759b6b94
results/ted_submission_supplement/parallel_threads_1	results/ted_submission_supplement/parallel_threads_1/ted_performance_long.csv	704	6493de916e3b54c24ef8bf001620c10eedecc419144529b7c2a325361b1a145f
results/ted_submission_supplement/parallel_threads_1	results/ted_submission_supplement/parallel_threads_1/ted_performance_summary.csv	1575	0a127d6f158245a5bc40826c630283473364cccc7c4d88e78b57dd95179bddec
results/ted_submission_supplement/parallel_threads_4	results/ted_submission_supplement/parallel_threads_4/ted_performance_config.json	545	a585b42ee27af3ff43f0cdaa3c81f1df3547fb15a83988ca31bea6c230365a0c
results/ted_submission_supplement/parallel_threads_4	results/ted_submission_supplement/parallel_threads_4/ted_performance_long.csv	706	ccf87660062750ac132a76a8fe67f45660f68f08fdb6997f041d9b1d7e692359
results/ted_submission_supplement/parallel_threads_4	results/ted_submission_supplement/parallel_threads_4/ted_performance_summary.csv	1580	0f0aba0796aac40e8db20fff7307fabeeea5e16d6f90fbc5c2fb8d934b9f6f99
submission_top_level	results/ted_submission_supplement/requested_experiment_audit/requested_experiment_support_audit.tsv	11158	afc22065aece8fdab2726b6f7039b59efd6f2547351a713d74d7cb7d1d7dc883
submission_top_level	results/ted_submission_supplement/source_data_ledger.tsv	2321	e6ae2f723b0b1fce322b745027b4a66ad5aacfa9620ef873a99d9c95f929b8d5
results/ted_submission_supplement/upstream_sensitivity	results/ted_submission_supplement/upstream_sensitivity/manifest.tsv	425	3f4eac6c0425a1814a8e5ebe003b83bc34f70a3414fbb30839113b2dd9d8ebcb
results/ted_submission_supplement/upstream_sensitivity	results/ted_submission_supplement/upstream_sensitivity/upstream_method_registry.tsv	841	ce6d7a1e972543fbcaa8cb26fc7cf44a97d42e7f17cd8b33f4f082a4d4d8943a
results/ted_submission_supplement/upstream_sensitivity	results/ted_submission_supplement/upstream_sensitivity/upstream_sensitivity_long.tsv	25581	ccae02943b43b345697f40312dfa1b48ca81a3fdd423a8c996d38ffab0103792
results/ted_submission_supplement/upstream_sensitivity	results/ted_submission_supplement/upstream_sensitivity/upstream_sensitivity_report.md	815	dd181d347ac1a295a9c5fa9a05a3b4bada1b2f833aec6ddea5f4319f34f91012
results/ted_submission_supplement/upstream_sensitivity	results/ted_submission_supplement/upstream_sensitivity/upstream_sensitivity_summary.tsv	1588	119a908669717ed94364c0e6f5198107df5588c2e2a33a3b2b9c024f1306dab7
submission_top_level	results/ted_submission_supplement/verification_summary.tsv	2575	96cdc9e8d7ed971e7f32d28d1ec3929cb61888f705fd34fb660ae604674b2f1a
results/ted_submission_supplement/zscape_leave_one_embryo_full_refit	results/ted_submission_supplement/zscape_leave_one_embryo_full_refit/event_effect_variability.tsv	305091	bc9853409b61454a7733ce5937feed852e4d4160642d41118d6099e40ee37745
results/ted_submission_supplement/zscape_leave_one_embryo_full_refit	results/ted_submission_supplement/zscape_leave_one_embryo_full_refit/full_event_table.tsv	1006297	f97050da9d2c5f3db97dbe98931e244f2a97829bacbd7a0973c7f1c23ffacac4
results/ted_submission_supplement/zscape_leave_one_embryo_full_refit	results/ted_submission_supplement/zscape_leave_one_embryo_full_refit/gse271399_estimability_audit.tsv	545	24d5e6370551780bc399f5e8bc511cda6c46d2e2650e50aaef8a5c5d560fd358
results/ted_submission_supplement/zscape_leave_one_embryo_full_refit	results/ted_submission_supplement/zscape_leave_one_embryo_full_refit/leave_one_embryo_refits.tsv	202623	05a260eef71e5e2de480b198519fe11971fcb6a91f5cd2acc9d43d833eda388c
results/ted_submission_supplement/zscape_leave_one_embryo_full_refit	results/ted_submission_supplement/zscape_leave_one_embryo_full_refit/manifest.tsv	589	423905edbb8d7ab0b84e2816ebedbdee76726478b326dcb87c2b613f8c67a62f
results/ted_submission_supplement/zscape_leave_one_embryo_full_refit	results/ted_submission_supplement/zscape_leave_one_embryo_full_refit/refit_report.md	1016	a6d31f5b6876d06116ba3ac9b70d71865ea41b49432d07a08698e6a1cb1b2063
results/ted_submission_supplement/zscape_leave_one_embryo_full_refit	results/ted_submission_supplement/zscape_leave_one_embryo_full_refit/run_config.json	209	8283be8699b7f81ddec42ba7f1d0e56dfbbbc5a591205135af2b01a57b36c1c5
results/ted_submission_supplement/zscape_leave_one_embryo_full_refit	results/ted_submission_supplement/zscape_leave_one_embryo_full_refit/summary.tsv	493	67df1c9ea6a25b172bde96688912c8403f64d4c7f19b8fe8b23571917094de5c
results/ted_submission_supplement/zscape_repeated_holdout_stability	results/ted_submission_supplement/zscape_repeated_holdout_stability/event_selection_frequency.tsv	1025785	ad3ee9b8661fafcc8491dc4db142aea40f07c1325c4c629294508cd5976e5646
results/ted_submission_supplement/zscape_repeated_holdout_stability	results/ted_submission_supplement/zscape_repeated_holdout_stability/manifest.tsv	2807	727793437ec22452fa2ffdbcc63be8852015cfff9113f726a65b2524bb311f8c
results/ted_submission_supplement/zscape_repeated_holdout_stability	results/ted_submission_supplement/zscape_repeated_holdout_stability/repeated_20pct_holdout_metrics.tsv	9446	43da46afe1940aa6925515f1e82b81bffb89ae67ecfdcc94203e8be5be79c4c6
results/ted_submission_supplement/zscape_repeated_holdout_stability	results/ted_submission_supplement/zscape_repeated_holdout_stability/report.md	1061	6ff755a6eb14498adaabb4bad167b05736266af0f5b29bf181427a9b4e28e282
results/ted_submission_supplement/zscape_repeated_holdout_stability	results/ted_submission_supplement/zscape_repeated_holdout_stability/run_config.json	541	636446cc2d2e42caa0edcadc1241348f7ef76e10b885cd845b6b989210e4f245
results/ted_submission_supplement/zscape_repeated_holdout_stability	results/ted_submission_supplement/zscape_repeated_holdout_stability/split_half_metrics.tsv	3644	f16b9de437d239068bcd21f153535f48f5f1e86c0074af292826149d56cd6ee6
results/ted_submission_supplement/zscape_repeated_holdout_stability	results/ted_submission_supplement/zscape_repeated_holdout_stability/subsampling_curve.tsv	728	899b8b2fb572b634951a22d1d3206bbfc6e5853d96647382e84d7e74f3c5d75b
results/ted_submission_supplement/zscape_repeated_holdout_stability	results/ted_submission_supplement/zscape_repeated_holdout_stability/subsampling_curve_long.tsv	6962	7ed644a8a2663bd7bcb443d79781fccc68bb9ee900a4de447c035ce18213d48a
results/ted_submission_supplement/zscape_repeated_holdout_stability	results/ted_submission_supplement/zscape_repeated_holdout_stability/summary.tsv	1489	7902a9410ca9c2f6e0ec986812f9fe5c8491ccaf81df58969cdf39ad40dff9ca
results/ted_submission_supplement/zscape_repeated_holdout_stability	results/ted_submission_supplement/zscape_repeated_holdout_stability/threshold_sensitivity.tsv	600	5f7409f7292447042275b154c97446a11e79ce3edbe69f7d9f603c6cfa1812e1
results/ted_submission_supplement/zscape_repeated_holdout_stability	results/ted_submission_supplement/zscape_repeated_holdout_stability/threshold_sensitivity_long.tsv	37020	f27ce1dc9da94d088934a806adc7aed1818395dc962cf45e09b91ec0c3b89c93
results/ted_validation_demo	results/ted_validation_demo/activity_cli_validation.tsv	98	4a8206433e62f5b934a9d018e6ad0dcddeb28440053194a246f1e7ec2a9a7524
results/ted_validation_demo	results/ted_validation_demo/demo_activity.tsv	29305	10080b101ce8ac8a104f588eb0cb318e9a840b9c05495041272fa1a294b44534
results/ted_validation_demo	results/ted_validation_demo/demo_events.tsv	2065	f432b24769fc06ab987425df5d5b6c80da89446529d25367759393caa56690c9
results/ted_validation_demo	results/ted_validation_demo/demo_events_v2.tsv	2065	f432b24769fc06ab987425df5d5b6c80da89446529d25367759393caa56690c9
results/ted_validation_demo	results/ted_validation_demo/demo_manifest.json	337	af73d6fbecbbf9f1d260de52c5d6e39aef35dda56ec5c108cc9c6f5a13ba899e
results/ted_validation_demo	results/ted_validation_demo/demo_report.html	4017	4248a2dbfdead2b53f6bc8b8d06e18510103b27a1bacf754e39eb4bbd98d6094
results/ted_validation_demo	results/ted_validation_demo/demo_validation.tsv	183	25d98bf83215be3fc02e01db47b1f3d53caae7fc5f72698231dba7491c21a53b
results/ted_validation_demo	results/ted_validation_demo/event_alias_v2_cli_validation.tsv	95	263829b5e8c7ab0ecf57e6ade1b5caa681460cbb67027285cd80edd6e221e7d6
results/ted_validation_demo	results/ted_validation_demo/event_cli_validation.tsv	95	263829b5e8c7ab0ecf57e6ade1b5caa681460cbb67027285cd80edd6e221e7d6
submission_top_level	scripts/222_build_scp1064_validation_figure.py	8308	931a0f1b7fc718f162c2c46ea262c7693e391750152d7c72314fc2c916c449dd
submission_top_level	scripts/run_dynamic_pathway_event_grammar_standardization.py	45090	4bb8f3cf206fa5fbedab08600862b502c18a9e00f431a3495c2ab384b0e33f0e
